URL,Brand,Pattern,Width,Aspect Ratio,Rim Size,Load Index,Speed Rating,Price
https://www.tirendo.fr/continental-ecocontact-6-205-55-r16-91h-r-389475.html,Continental,EcoContact 6,205,55,16,91,H,61.94
https://www.tirendo.fr/bridgestone-blizzak-lm-005-205-55-r16-91h-r-402764.html,Bridgestone,Blizzak LM 005,205,55,16,91,H,95.39
https://www.tirendo.fr/dunlop-sport-bluresponse-205-55-r16-91h-r-231970.html,Dunlop,Sport BluResponse,205,55,16,91,H,65.46
https://www.tirendo.fr/mileking-ex-comfort-205-55-r16-91v-r-541260.html,Mileking,EX-Comfort,205,55,16,91,V,42.46
https://www.tirendo.fr/product/Firemax/16/R-546528,Firemax,FM601,205,55,16,91,V,43.18
https://www.tirendo.fr/product/Sonix/16/R-550973,Sonix,Ecopro 99,205,55,16,91,V,43.48
https://www.tirendo.fr/tercelo-tercesis-eco-205-55-r16-91v-r-525094.html,Tercelo,Tercesis ECO,205,55,16,91,V,43.52
https://www.tirendo.fr/sunny-np226-205-55-r16-91v-r-538832.html,Sunny,NP226,205,55,16,91,V,43.82
https://www.tirendo.fr/torque-tq021-205-55-r16-91v-r-244172.html,Torque,TQ021,205,55,16,91,V,94.16
https://www.tirendo.fr/star-performer-orbit-205-55-r16-91v-d-130445.html,Star Performer,Orbit,205,55,16,91,V,44.67
https://www.tirendo.fr/tomket-sport-205-55-r16-91v-r-348271.html,Tomket,Sport,205,55,16,91,V,44.68
https://www.tirendo.fr/tbb-tires-fortezza-as-205-55-r16-94v-d-138168.html,TBB Tires,Fortezza AS,205,55,16,94,V,44.72
https://www.tirendo.fr/nankang-econex-na-1-205-55-r16-94v-r-277544.html,Nankang,Econex NA-1,205,55,16,94,V,45.23
https://www.tirendo.fr/star-performer-interstellar-205-55-r16-94w-d-130370.html,Star Performer,Interstellar,205,55,16,94,W,45.46
https://www.tirendo.fr/imperial-ecodriver-5-205-55-r16-91h-r-353577.html,Imperial,Ecodriver 5,205,55,16,91,H,45.48
https://www.tirendo.fr/austone-sp-802-205-55-r16-91v-r-480813.html,AUSTONE,SP-802,205,55,16,91,V,45.49
https://www.tirendo.fr/aplus-aerix-fs01-205-55-r16-91v-r-546894.html,APlus,Aerix FS01,205,55,16,91,V,45.59
https://www.tirendo.fr/atlander-xsport-86-205-55-r16-91w-r-542424.html,Atlander,Xsport-86,205,55,16,91,W,45.76
https://www.tirendo.fr/celimo-ecocity-205-55-r16-91v-r-537697.html,Celimo,EcoCity,205,55,16,91,V,45.79
https://www.tirendo.fr/product/Zmax/16/R-552139,Zmax,Landgema,205,55,16,91,V,46.15
https://www.tirendo.fr/sunfull-sf-600-205-55-r16-91v-r-495205.html,Sunfull,SF-600,205,55,16,91,V,46.31
https://www.tirendo.fr/tbb-tires-fortezza-205-55-r16-91v-d-138292.html,TBB Tires,Fortezza,205,55,16,91,V,41.51
https://www.tirendo.fr/sunny-np226-205-55-r16-94v-r-540418.html,Sunny,NP226,205,55,16,94,V,46.70
https://www.tirendo.fr/nordexx-ecodrive-205-55-r16-91v-r-541440.html,Nordexx,EcoDrive,205,55,16,91,V,46.70
https://www.tirendo.fr/fronway-ecogreen-55-205-55-r16-91v-r-507878.html,Fronway,Ecogreen 55,205,55,16,91,V,46.71
https://www.tirendo.fr/product/Star+Performer/16/D-147190,Star Performer,Stratos HP,205,55,16,94,H,46.72
https://www.tirendo.fr/goodride-zupereco-z-107-205-55-r16-94w-d-142297.html,Goodride,ZuperEco Z-107,205,55,16,94,W,46.81
https://www.tirendo.fr/hi-fly-hf-201-205-55-r16-91v-r-203793.html,HI FLY,HF 201,205,55,16,91,V,46.96
https://www.tirendo.fr/roadhog-rgs02-205-55-r16-91v-r-496737.html,Roadhog,RGS02,205,55,16,91,V,47.12
https://www.tirendo.fr/landsail-ls388-205-55-r16-91v-r-273706.html,Landsail,LS388,205,55,16,91,V,48.29
https://www.tirendo.fr/mastersteel-prosport-2-205-55-r16-91v-r-504220.html,Mastersteel,Prosport 2,205,55,16,91,V,47.39
https://www.tirendo.fr/goodride-zupereco-z-107-205-55-r16-91v-d-142296.html,Goodride,ZuperEco Z-107,205,55,16,91,V,47.48
https://www.tirendo.fr/dynamo-street-h-mh01-205-55-r16-91v-r-445725.html,Dynamo,Street-H MH01,205,55,16,91,V,47.53
https://www.tirendo.fr/dynamo-street-h-prima-205-55-r16-91v-r-536070.html,Dynamo,Street-H Prima,205,55,16,91,V,47.53
https://www.tirendo.fr/ovation-vi-388-205-55-r16-94w-r-243813.html,Ovation,VI-388,205,55,16,94,W,47.63
https://www.tirendo.fr/product/PowerTrac/16/R-550653,PowerTrac,Ecocomfort X66,205,55,16,91,V,47.67
https://www.tirendo.fr/yartu-zupereco-z-107-205-55-r16-91h-r-510557.html,Yartu,ZuperEco Z-107,205,55,16,91,H,47.73
https://www.tirendo.fr/goodride-all-season-elite-z-401-205-55-r16-91v-d-142421.html,Goodride,All Season Elite Z-401,205,55,16,91,V,47.82
https://www.tirendo.fr/novex-sp-5-205-55-r16-91v-r-540397.html,Novex,SP 5,205,55,16,91,V,47.83
https://www.tirendo.fr/zmax-landgema-205-55-r16-91v-r-436284.html,Zmax,Landgema,205,55,16,91,V,55.71
https://www.tirendo.fr/ovation-vi-682-ecovision-205-55-r16-91v-r-537749.html,Ovation,VI-682 Ecovision,205,55,16,91,V,47.92
https://www.tirendo.fr/sunny-np226-205-55-r16-91v-r-507721.html,Sunny,NP226,205,55,16,91,V,47.86
https://www.tirendo.fr/aptany-rw211-205-55-r16-91h-r-390576.html,Aptany,RW211,205,55,16,91,H,59.32
https://www.tirendo.fr/product/Sonix/16/R-552604,Sonix,Xsport S9,205,55,16,94,W,48.10
https://www.tirendo.fr/star-performer-solar---4s-205-55-r16-91v-d-147285.html,Star Performer,Solar - 4S,205,55,16,91,V,48.14
https://www.tirendo.fr/roadhog-rgs02-205-55-r16-94w-r-496738.html,Roadhog,RGS02,205,55,16,94,W,48.14
https://www.tirendo.fr/landsail-ls388-205-55-r16-94w-r-534889.html,Landsail,LS388,205,55,16,94,W,48.14
https://www.tirendo.fr/ovation-vi-sport-205-55-r16-91v-r-547883.html,Ovation,VI-Sport,205,55,16,91,V,48.23
https://www.tirendo.fr/fronway-ecogreen-55-205-55-r16-94w-r-506605.html,Fronway,Ecogreen 55,205,55,16,94,W,48.28
https://www.tirendo.fr/westlake-zupereco-z-107-205-55-r16-91v-r-421176.html,Westlake,ZuperEco Z-107,205,55,16,91,V,60.70
https://www.tirendo.fr/firemax-fm601-205-55-r16-94w-r-547163.html,Firemax,FM601,205,55,16,94,W,48.32
https://www.tirendo.fr/product/Goodride/16/D-153195,Goodride,ZuperSnow Z-507,205,55,16,91,V,48.49
https://www.tirendo.fr/mastersteel-prosport-2-205-55-r16-91w-r-506269.html,Mastersteel,Prosport 2,205,55,16,91,W,48.49
https://www.tirendo.fr/rosava-itegro-205-55-r16-91v-r-359314.html,Rosava,Itegro,205,55,16,91,V,48.62
https://www.tirendo.fr/firemax-fm601-205-55-r16-94w-r-492858.html,Firemax,FM601,205,55,16,94,W,48.68
https://www.tirendo.fr/crosswind-comfort-peak-205-55-r16-91v-r-519044.html,Crosswind,Comfort Peak,205,55,16,91,V,48.80
https://www.tirendo.fr/aptany-rp062-205-55-r16-91v-r-546613.html,Aptany,RP062,205,55,16,91,V,48.81
https://www.tirendo.fr/goodride-all-season-elite-z-401-205-55-r16-94v-d-142422.html,Goodride,All Season Elite Z-401,205,55,16,94,V,48.91
https://www.tirendo.fr/kustone-quiet-q7-205-55-r16-91v-r-525528.html,Kustone,Quiet Q7,205,55,16,91,V,48.94
https://www.tirendo.fr/westlake-zupereco-z-107-205-55-r16-94w-r-422543.html,Westlake,ZuperEco Z-107,205,55,16,94,W,51.34
https://www.tirendo.fr/rotalla-setula-e-race-rh01-205-55-r16-91v-r-294438.html,Rotalla,Setula E-Race RH01,205,55,16,91,V,49.08
https://www.tirendo.fr/aplus-aerix-rs01-205-55-r16-94w-r-547744.html,APlus,Aerix RS01,205,55,16,94,W,49.18
https://www.tirendo.fr/ovation-vi786-205-55-r16-91v-r-492302.html,Ovation,VI786,205,55,16,91,V,49.19
https://www.tirendo.fr/firemax-fm601-205-55-r16-91v-r-490675.html,Firemax,FM601,205,55,16,91,V,49.24
https://www.tirendo.fr/firemax-fm601-205-55-r16-91w-r-546525.html,Firemax,FM601,205,55,16,91,W,49.36
https://www.tirendo.fr/optimo-gt-ok41-205-55-r16-91v-d-141540.html,Optimo,GT OK41,205,55,16,91,V,49.40
https://www.tirendo.fr/berlin-tires-summer-uhp-1-g3-205-55-r16-91v-r-495480.html,Berlin Tires,Summer UHP 1 G3,205,55,16,91,V,49.46
https://www.tirendo.fr/mastersteel-prosport-2-205-55-r16-94w-r-496769.html,Mastersteel,Prosport 2,205,55,16,94,W,49.51
https://www.tirendo.fr/product/Matrax/16/R-548513,Matrax,Romero,205,55,16,91,V,49.64
https://www.tirendo.fr/triangle-reliax-touring-te307-205-55-r16-91v-r-489531.html,Triangle,ReliaX Touring TE307,205,55,16,91,V,49.71
https://www.tirendo.fr/triangle-effexsport-th202-205-55-r16-91v-r-518983.html,Triangle,EffeXSport TH202,205,55,16,91,V,49.71
https://www.tirendo.fr/product/Novex/16/R-548974,Novex,SP 5,205,55,16,94,W,49.75
https://www.tirendo.fr/tomket-sport-205-55-r16-94w-r-380640.html,Tomket,Sport,205,55,16,94,W,49.85
https://www.tirendo.fr/triangle-reliax-touring-te307-205-55-r16-94w-r-511247.html,Triangle,ReliaX Touring TE307,205,55,16,94,W,50.03
https://www.tirendo.fr/austone-athena-sp-801-205-55-r16-94v-r-352649.html,AUSTONE,Athena SP-801,205,55,16,94,V,50.13
https://www.tirendo.fr/onyx-ny-801-205-55-r16-91v-r-541434.html,Onyx,NY-801,205,55,16,91,V,50.17
https://www.tirendo.fr/product/Sunfull/16/R-552220,Sunfull,SF-983 AS,205,55,16,94,V,50.17
https://www.tirendo.fr/tercelo-croseason-4s-205-55-r16-91v-r-523731.html,Tercelo,Croseason 4S,205,55,16,91,V,50.33
https://www.tirendo.fr/radar-dimax-sprint-205-55-r16-91v-r-538745.html,Radar,Dimax Sprint,205,55,16,91,V,50.33
https://www.tirendo.fr/arisun-zupereco-z-107-205-55-r16-91v-r-543710.html,Arisun,ZuperEco Z-107,205,55,16,91,V,50.36
https://www.tirendo.fr/journey-ultraplus-c187-205-55-r16-91h-r-534275.html,Journey,Ultraplus C187,205,55,16,91,H,50.39
https://www.tirendo.fr/dynamo-street-h-mu02-205-55-r16-94w-r-445729.html,Dynamo,Street-H MU02,205,55,16,94,W,50.55
https://www.tirendo.fr/goodtrip-blueguard-205-55-r16-94v-r-523267.html,Goodtrip,BlueGuard,205,55,16,94,V,50.55
https://www.tirendo.fr/tracmax-x-privilo-tx1-205-55-r16-91v-r-356720.html,Tracmax,X Privilo TX1,205,55,16,91,V,50.65
https://www.tirendo.fr/aplus-a608-205-55-r16-91v-r-504701.html,APlus,A608,205,55,16,91,V,50.69
https://www.tirendo.fr/berlin-tires-summer-hp-1-205-55-r16-94v-r-426961.html,Berlin Tires,Summer HP 1,205,55,16,94,V,50.86
https://www.tirendo.fr/product/Landsail/16/R-551952,Landsail,RapidDragon,205,55,16,94,W,50.89
https://www.tirendo.fr/premiorri-solazo-205-55-r16-91v-r-470071.html,Premiorri,Solazo,205,55,16,91,V,50.90
https://www.tirendo.fr/ovation-vi-388-205-55-r16-94w-r-379654.html,Ovation,VI-388,205,55,16,94,W,51.01
https://www.tirendo.fr/onyx-ny-901-205-55-r16-94w-r-392787.html,Onyx,NY-901,205,55,16,94,W,51.10
https://www.tirendo.fr/prinx-quattura-4s--205-55-r16-94v-r-521455.html,Prinx,Quattura 4S+,205,55,16,94,V,51.13
https://www.tirendo.fr/landsail-ls388-205-55-r16-91v-r-540988.html,Landsail,LS388,205,55,16,91,V,51.15
https://www.tirendo.fr/radar-dimax-sprint-205-55-r16-91v-r-516919.html,Radar,Dimax Sprint,205,55,16,91,V,51.21
https://www.tirendo.fr/westlake-zupereco-z-107-205-55-r16-94w-r-546960.html,Westlake,ZuperEco Z-107,205,55,16,94,W,51.29
https://www.tirendo.fr/jinyu-c1-comfort-205-55-r16-94w-r-542741.html,Jinyu,C1 Comfort,205,55,16,94,W,51.31
https://www.tirendo.fr/linglong-comfort-master-205-55-r16-91h-r-499080.html,Linglong,Comfort Master,205,55,16,91,H,51.44
https://www.tirendo.fr/superia-ecoblue-hp-205-55-r16-91h-r-510242.html,Superia,EcoBlue HP,205,55,16,91,H,51.69
https://www.tirendo.fr/product/Firemax/16/R-549920,Firemax,CrossWeather Max,205,55,16,91,V,51.71
https://www.tirendo.fr/arivo-premio-arz-1-205-55-r16-91v-r-425853.html,Arivo,Premio ARZ-1,205,55,16,91,V,51.74
https://www.tirendo.fr/linglong-comfort-master-205-55-r16-91v-r-530245.html,Linglong,Comfort Master,205,55,16,91,V,51.74
https://www.tirendo.fr/delmax-ultimapro-up1-205-55-r16-91v-r-491811.html,Delmax,UltimaPro UP1,205,55,16,91,V,51.78
https://www.tirendo.fr/milestone-mz01-205-55-r16-91v-r-527571.html,Milestone,MZ01,205,55,16,91,V,51.78
https://www.tirendo.fr/premiorri-solazo-splus-205-55-r16-94w-r-490722.html,Premiorri,Solazo SPlus,205,55,16,94,W,51.88
https://www.tirendo.fr/montreal-eco-205-55-r16-94v-r-415047.html,Montreal,Eco,205,55,16,94,V,51.89
https://www.tirendo.fr/aptany-rc536-205-55-r16-94v-r-546623.html,Aptany,RC536,205,55,16,94,V,51.98
https://www.tirendo.fr/accelera-iota-evt-205-55-r16-94w-r-535961.html,Accelera,Iota EVT,205,55,16,94,W,52.12
https://www.tirendo.fr/radar-rpx800-205-55-r16-91v-r-290342.html,Radar,RPX800,205,55,16,91,V,52.16
https://www.tirendo.fr/aptany-rp062-205-55-r16-91v-r-524892.html,Aptany,RP062,205,55,16,91,V,41.10
https://www.tirendo.fr/ilink-l-grip-55-205-55-r16-91v-r-517322.html,Ilink,L-Grip 55,205,55,16,91,V,49.70
https://www.tirendo.fr/nankang-as-1-205-55-r16-91v-r-139197.html,Nankang,AS-1,205,55,16,91,V,52.34
https://www.tirendo.fr/austone-viento-sp702-205-55-r16-94w-r-542728.html,AUSTONE,Viento SP702,205,55,16,94,W,52.35
https://www.tirendo.fr/aptany-rw211-205-55-r16-91h-r-514314.html,Aptany,RW211,205,55,16,91,H,52.39
https://www.tirendo.fr/sunny-na301-205-55-r16-91v-r-489586.html,Sunny,NA301,205,55,16,91,V,52.42
https://www.tirendo.fr/crosswind-sport-peak-205-55-r16-94y-r-519538.html,Crosswind,Sport Peak,205,55,16,94,Y,52.46
https://www.tirendo.fr/roadcruza-ra-510-205-55-r16-91v-r-493360.html,Roadcruza,RA 510,205,55,16,91,V,52.47
https://www.tirendo.fr/superia-ecoblue-hp-205-55-r16-94v-r-508515.html,Superia,EcoBlue HP,205,55,16,94,V,52.47
https://www.tirendo.fr/superia-ecoblue-hp-205-55-r16-91v-r-509867.html,Superia,EcoBlue HP,205,55,16,91,V,52.47
https://www.tirendo.fr/westlake-zupereco-z-107-205-55-r16-91h-r-546957.html,Westlake,ZuperEco Z-107,205,55,16,91,H,52.47
https://www.tirendo.fr/nankang-green-sport-eco-2--205-55-r16-91v-r-268589.html,Nankang,Green/Sport Eco-2+,205,55,16,91,V,52.51
https://www.tirendo.fr/rovelo-avenue-205-55-r16-91v-r-538188.html,Rovelo,Avenue,205,55,16,91,V,52.54
https://www.tirendo.fr/delinte-ds2-205-55-r16-94w-r-540545.html,Delinte,DS2,205,55,16,94,W,52.65
https://www.tirendo.fr/sunny-nc501-205-55-r16-91v-r-544477.html,Sunny,NC501,205,55,16,91,V,52.82
https://www.tirendo.fr/westlake-zupereco-z-107-205-55-r16-91h-r-444603.html,Westlake,ZuperEco Z-107,205,55,16,91,H,52.85
https://www.tirendo.fr/greentrac-jorney-x-205-55-r16-91w-r-444691.html,Greentrac,Jorney-X,205,55,16,91,W,52.86
https://www.tirendo.fr/rockblade-rock-515-205-55-r16-91v-r-475127.html,Rockblade,Rock 515,205,55,16,91,V,52.86
https://www.tirendo.fr/rockblade-rock-525-205-55-r16-94w-r-482362.html,Rockblade,Rock 525,205,55,16,94,W,52.86
https://www.tirendo.fr/rockblade-rock-555-205-55-r16-91v-r-504110.html,Rockblade,Rock 555,205,55,16,91,V,52.86
https://www.tirendo.fr/rotalla-setula-e-race-rh01-205-55-r16-91w-r-294439.html,Rotalla,Setula E-Race RH01,205,55,16,91,W,45.43
https://www.tirendo.fr/delmax-ultima-plus-205-55-r16-91v-r-529966.html,Delmax,Ultima Plus,205,55,16,91,V,53.06
https://www.tirendo.fr/fortuna-eco-plus-hp-205-55-r16-91h-r-513775.html,Fortuna,Eco Plus HP,205,55,16,91,H,54.26
https://www.tirendo.fr/mirage-mr-762-as-205-55-r16-94v-r-434034.html,Mirage,MR-762 AS,205,55,16,94,V,53.14
https://www.tirendo.fr/fortuna-eco-plus-hp-205-55-r16-91w-r-510887.html,Fortuna,Eco Plus HP,205,55,16,91,W,53.20
https://www.tirendo.fr/superia-ecoblue-hp-205-55-r16-91w-r-511422.html,Superia,EcoBlue HP,205,55,16,91,W,53.20
https://www.tirendo.fr/sailun-atrezzo-elite-sh32-205-55-r16-91v-r-534155.html,Sailun,Atrezzo Elite SH32,205,55,16,91,V,53.20
https://www.tirendo.fr/product/Grenlander/16/R-551622,Grenlander,Icehawke I,205,55,16,91,H,53.20
https://www.tirendo.fr/ilink-l-grip-55-205-55-r16-94w-r-518044.html,Ilink,L-Grip 55,205,55,16,94,W,53.22
https://www.tirendo.fr/mazzini-eco-307-plus-205-55-r16-94w-r-521416.html,Mazzini,Eco 307 Plus,205,55,16,94,W,53.26
https://www.tirendo.fr/product/Blackarrow/16/R-551427,Blackarrow,Super Bow Sport SP01,205,55,16,91,V,53.26
https://www.tirendo.fr/compasal-winterblazer-hp-205-55-r16-91h-r-494973.html,Compasal,Winterblazer HP,205,55,16,91,H,53.27
https://www.tirendo.fr/rovelo-rhp-780-p-205-55-r16-91v-r-332184.html,Rovelo,RHP 780 P,205,55,16,91,V,53.37
https://www.tirendo.fr/nankang-winter-activa-4-205-55-r16-94v-d-124833.html,Nankang,Winter Activa 4,205,55,16,94,V,53.42
https://www.tirendo.fr/atlas-green-hp-205-55-r16-91h-r-443956.html,Atlas,Green HP,205,55,16,91,H,53.49
https://www.tirendo.fr/atlas-green-hp-205-55-r16-91v-r-509984.html,Atlas,Green HP,205,55,16,91,V,55.94
https://www.tirendo.fr/sonix-prime-a-s-205-55-r16-94v-r-507417.html,Sonix,Prime A/S,205,55,16,94,V,53.54
https://www.tirendo.fr/product/Aptany/16/R-551548,Aptany,RW645,205,55,16,94,V,53.65
https://www.tirendo.fr/tracmax-x-privilo-tx1-205-55-r16-91w-r-347377.html,Tracmax,X Privilo TX1,205,55,16,91,W,53.66
https://www.tirendo.fr/milever-milecomfort-mp073-205-55-r16-91v-d-142713.html,Milever,Milecomfort MP073,205,55,16,91,V,53.67
https://www.tirendo.fr/comforser-cf510-205-55-r16-91v-r-384982.html,Comforser,CF510,205,55,16,91,V,47.99
https://www.tirendo.fr/royal-black-royal-road-205-55-r16-91v-r-547058.html,Royal Black,Royal Road,205,55,16,91,V,53.80
https://www.tirendo.fr/goodride-zupereco-z-107-205-55-r16-91h-d-142295.html,Goodride,ZuperEco Z-107,205,55,16,91,H,53.91
https://www.tirendo.fr/fortuna-eco-plus-hp-205-55-r16-94v-r-510276.html,Fortuna,Eco Plus HP,205,55,16,94,V,53.93
https://www.tirendo.fr/westlake-all-seasons-elite-z-401-205-55-r16-91v-r-425536.html,Westlake,All Seasons Elite Z-401,205,55,16,91,V,53.96
https://www.tirendo.fr/grenlander-colo-h01-205-55-r16-91v-r-448032.html,Grenlander,Colo H01,205,55,16,91,V,53.99
https://www.tirendo.fr/landsail-rapiddragon-205-55-r16-91v-r-511783.html,Landsail,RapidDragon,205,55,16,91,V,54.00
https://www.tirendo.fr/triangle-seasonx-ta01-205-55-r16-94v-r-412833.html,Triangle,SeasonX TA01,205,55,16,94,V,54.08
https://www.tirendo.fr/massimo-ottima-p1-205-55-r16-91v-r-490518.html,Massimo,Ottima P1,205,55,16,91,V,54.11
https://www.tirendo.fr/radar-dimax-sport-205-55-r16-94w-r-540801.html,Radar,Dimax Sport,205,55,16,94,W,54.14
https://www.tirendo.fr/rotalla-setula-s-race-ru01-205-55-r16-91w-r-363966.html,Rotalla,Setula S-Race RU01,205,55,16,91,W,54.17
https://www.tirendo.fr/atlas-green-hp-205-55-r16-91w-r-509805.html,Atlas,Green HP,205,55,16,91,W,54.21
https://www.tirendo.fr/nankang-cross-seasons-aw-6-205-55-r16-94v-d-122936.html,Nankang,Cross Seasons AW-6,205,55,16,94,V,54.23
https://www.tirendo.fr/imperial-ecodriver-5-205-55-r16-91v-r-353574.html,Imperial,Ecodriver 5,205,55,16,91,V,54.25
https://www.tirendo.fr/aplus-a502-205-55-r16-94h-r-497929.html,APlus,A502,205,55,16,94,H,54.25
https://www.tirendo.fr/landsail-4-seasons-2-205-55-r16-91v-r-511792.html,Landsail,4-Seasons 2,205,55,16,91,V,54.25
https://www.tirendo.fr/rovelo-avenue-205-55-r16-94w-r-537706.html,Rovelo,Avenue,205,55,16,94,W,54.29
https://www.tirendo.fr/ceat-securadrive-205-55-r16-91v-r-353219.html,Ceat,SecuraDrive,205,55,16,91,V,54.30
https://www.tirendo.fr/rotalla-setula-e-race-rh01-205-55-r16-94w-r-363971.html,Rotalla,Setula E-Race RH01,205,55,16,94,W,54.33
https://www.tirendo.fr/delinte-ds2-205-55-r16-91v-r-504155.html,Delinte,DS2,205,55,16,91,V,54.40
https://www.tirendo.fr/aplus-a701-205-55-r16-91h-r-452597.html,APlus,A701,205,55,16,91,H,54.46
https://www.tirendo.fr/hi-fly-hf-805-205-55-r16-94w-r-203806.html,HI FLY,HF 805,205,55,16,94,W,54.49
https://www.tirendo.fr/sailun-atrezzo-elite-sh32-205-55-r16-91v-r-309847.html,Sailun,Atrezzo Elite SH32,205,55,16,91,V,54.50
https://www.tirendo.fr/product/Victory/16/R-548640,Victory,Road HP,205,55,16,91,H,54.57
https://www.tirendo.fr/product/Victory/16/R-548641,Victory,Road HP,205,55,16,91,V,54.57
https://www.tirendo.fr/linglong-sport-master-205-55-r16-91v-r-526894.html,Linglong,Sport Master,205,55,16,91,V,54.60
https://www.tirendo.fr/nankang-sportnex-as-2--205-55-r16-94v-r-408405.html,Nankang,Sportnex AS-2+,205,55,16,94,V,54.33
https://www.tirendo.fr/victory-road-hp-205-55-r16-91w-r-529407.html,Victory,Road HP,205,55,16,91,W,54.64
https://www.tirendo.fr/victory-road-hp-205-55-r16-94v-r-545325.html,Victory,Road HP,205,55,16,94,V,54.64
https://www.tirendo.fr/victory-road-hp-205-55-r16-91w-r-546696.html,Victory,Road HP,205,55,16,91,W,54.64
https://www.tirendo.fr/product/Firemax/16/R-550268,Firemax,CrossWeather Max,205,55,16,91,V,54.64
https://www.tirendo.fr/product/Royal+Black/16/R-549293,Royal Black,Royal A/S II,205,55,16,94,W,54.77
https://www.tirendo.fr/landsail-rapiddragon-205-55-r16-94w-r-510677.html,Landsail,RapidDragon,205,55,16,94,W,54.80
https://www.tirendo.fr/rovelo-rhp-780-p-205-55-r16-94v-r-345713.html,Rovelo,RHP 780 P,205,55,16,94,V,54.84
https://www.tirendo.fr/goodride-zupereco-z-107-205-55-r16-91h-d-124363.html,Goodride,ZuperEco Z-107,205,55,16,91,H,54.88
https://www.tirendo.fr/goodride-zupereco-z-107-205-55-r16-94w-r-412106.html,Goodride,ZuperEco Z-107,205,55,16,94,W,54.91
https://www.tirendo.fr/victory-road-hp-205-55-r16-94v-r-521213.html,Victory,Road HP,205,55,16,94,V,55.18
https://www.tirendo.fr/ceat-ecodrive-205-55-r16-91h-r-469933.html,Ceat,EcoDrive,205,55,16,91,H,55.19
https://www.tirendo.fr/arivo-premio-arzero-205-55-r16-91v-r-468492.html,Arivo,Premio Arzero,205,55,16,91,V,55.25
https://www.tirendo.fr/linglong-comfort-master-205-55-r16-91h-r-531167.html,Linglong,Comfort Master,205,55,16,91,H,55.25
https://www.tirendo.fr/comforser-purespeed-205-55-r16-94v-r-547787.html,Comforser,PureSpeed,205,55,16,94,V,55.25
https://www.tirendo.fr/product/Landspider/16/R-550325,Landspider,Eurotraxx H/P,205,55,16,91,V,55.26
https://www.tirendo.fr/landsail-rapiddragon-205-55-r16-91v-r-547806.html,Landsail,RapidDragon,205,55,16,91,V,55.27
https://www.tirendo.fr/rovelo-all-season-205-55-r16-94v-r-545393.html,Rovelo,All Season,205,55,16,94,V,55.32
https://www.tirendo.fr/rotalla-setula-s-race-ru01-205-55-r16-94w-r-363968.html,Rotalla,Setula S-Race RU01,205,55,16,94,W,47.76
https://www.tirendo.fr/fortuna-gowin-uhp-205-55-r16-91h-r-513772.html,Fortuna,Gowin UHP,205,55,16,91,H,55.37
https://www.tirendo.fr/linglong-green---max-hp-010-205-55-r16-91v-r-274499.html,Linglong,GREEN - Max HP 010,205,55,16,91,V,55.48
https://www.tirendo.fr/lanvigator-comfort-2-205-55-r16-91v-r-442256.html,Lanvigator,Comfort 2,205,55,16,91,V,55.49
https://www.tirendo.fr/landspider-eurotraxx-h-p-205-55-r16-91v-r-522365.html,Landspider,Eurotraxx H/P,205,55,16,91,V,55.53
https://www.tirendo.fr/product/Victory/16/R-521092,Victory,Road HP,205,55,16,91,V,55.55
https://www.tirendo.fr/product/Victory/16/R-529406,Victory,Road HP,205,55,16,91,H,55.55
https://www.tirendo.fr/product/Mastersteel/16/R-550725,Mastersteel,All Weather 3,205,55,16,91,V,55.62
https://www.tirendo.fr/product/Blackarrow/16/R-551487,Blackarrow,Super Bow Sport SP01,205,55,16,91,W,55.62
https://www.tirendo.fr/rovelo-avenue-205-55-r16-91w-r-542094.html,Rovelo,Avenue,205,55,16,91,W,55.64
https://www.tirendo.fr/optimo-gt-ok41-205-55-r16-94w-d-141572.html,Optimo,GT OK41,205,55,16,94,W,55.65
https://www.tirendo.fr/goodride-zupereco-z-107-205-55-r16-91v-r-412104.html,Goodride,ZuperEco Z-107,205,55,16,91,V,46.62
https://www.tirendo.fr/atlander-lander-xsport-atl33-205-55-r16-91v-r-546767.html,Atlander,Lander Xsport ATL33,205,55,16,91,V,55.65
https://www.tirendo.fr/leao-n-f-acro-205-55-r16-94w-r-483453.html,Leao,N-F Acro,205,55,16,94,W,55.67
https://www.tirendo.fr/aplus-a608-205-55-r16-91h-r-376637.html,APlus,A608,205,55,16,91,H,55.72
https://www.tirendo.fr/milestone-mz01-205-55-r16-94w-r-546537.html,Milestone,MZ01,205,55,16,94,W,55.72
https://www.tirendo.fr/windforce-catchfors-uhp-pro-205-55-r16-94w-r-509436.html,Windforce,Catchfors UHP PRO,205,55,16,94,W,55.74
https://www.tirendo.fr/gt-radial-fe2-evo-205-55-r16-91h-r-546591.html,GT Radial,FE2 Evo,205,55,16,91,H,55.74
https://www.tirendo.fr/kumho-ecowing-es31-205-55-r16-91h-r-368262.html,Kumho,EcoWing ES31,205,55,16,91,H,58.42
https://www.tirendo.fr/gt-radial-fe2-evo-205-55-r16-91v-r-539933.html,GT Radial,FE2 Evo,205,55,16,91,V,55.75
https://www.tirendo.fr/crosswind-grip-peak-4s-205-55-r16-91v-r-525246.html,Crosswind,Grip Peak 4S,205,55,16,91,V,55.76
https://www.tirendo.fr/landspider-eurotraxx-a-s-205-55-r16-91v-r-527035.html,Landspider,Eurotraxx A/S,205,55,16,91,V,55.76
https://www.tirendo.fr/prinx-aquila-pro-205-55-r16-94v-r-517616.html,Prinx,Aquila Pro,205,55,16,94,V,55.77
https://www.tirendo.fr/hi-fly-all-turi-221-205-55-r16-94v-r-323179.html,HI FLY,All-Turi 221,205,55,16,94,V,55.79
https://www.tirendo.fr/onyx-ny-as-705-205-55-r16-94v-r-542467.html,Onyx,NY-AS 705,205,55,16,94,V,55.88
https://www.tirendo.fr/product/Minerva/16/R-549548,Minerva,Avenue,205,55,16,91,V,55.88
https://www.tirendo.fr/linglong-sport-master-4s-205-55-r16-91v-r-533392.html,Linglong,Sport Master 4S,205,55,16,91,V,55.90
https://www.tirendo.fr/ovation-vi-882-205-55-r16-94w-r-529077.html,Ovation,VI-882,205,55,16,94,W,55.94
https://www.tirendo.fr/linglong-greenmax-205-55-r16-94w-r-274461.html,Linglong,GREENMAX,205,55,16,94,W,56.00
https://www.tirendo.fr/sailun-atrezzo-elite2-205-55-r16-94v-r-521236.html,Sailun,Atrezzo Elite2,205,55,16,94,V,56.00
https://www.tirendo.fr/tomket-allyear-3-205-55-r16-94v-r-389387.html,Tomket,Allyear 3,205,55,16,94,V,56.07
https://www.tirendo.fr/roadx-dh12-205-55-r16-91v-r-415696.html,RoadX,DH12,205,55,16,91,V,56.07
https://www.tirendo.fr/product/Arisun/16/R-544239,Arisun,All Season Elite Z-401,205,55,16,91,V,56.09
https://www.tirendo.fr/fortuna-eco-plus-2-4s-205-55-r16-91h-r-508304.html,Fortuna,Eco Plus 2 4S,205,55,16,91,H,56.10
https://www.tirendo.fr/superia-ecoblue-2-4s-205-55-r16-91h-r-509655.html,Superia,EcoBlue 2 4S,205,55,16,91,H,56.10
https://www.tirendo.fr/fortuna-gowin-uhp-205-55-r16-91v-r-512763.html,Fortuna,Gowin UHP,205,55,16,91,V,56.10
https://www.tirendo.fr/superia-bluewin-uhp-205-55-r16-91v-r-513349.html,Superia,Bluewin UHP,205,55,16,91,V,56.10
https://www.tirendo.fr/superia-bluewin-uhp-205-55-r16-91h-r-515648.html,Superia,Bluewin UHP,205,55,16,91,H,56.10
https://www.tirendo.fr/victory-road-as-205-55-r16-91h-r-538567.html,Victory,Road AS,205,55,16,91,H,56.10
https://www.tirendo.fr/autogreen-all-season-versat-as2-205-55-r16-91v-r-480083.html,Autogreen,All Season Versat AS2,205,55,16,91,V,56.14
https://www.tirendo.fr/rovelo-avenue-sprint-205-55-r16-91w-r-538450.html,Rovelo,Avenue Sprint,205,55,16,91,W,56.14
https://www.tirendo.fr/autogreen-sport-chaser-sc2-205-55-r16-91w-r-518065.html,Autogreen,Sport Chaser SC2,205,55,16,91,W,56.18
https://www.tirendo.fr/apollo-alnac-4g-205-55-r16-91h-r-445526.html,Apollo,Alnac 4G,205,55,16,91,H,73.87
https://www.tirendo.fr/gt-radial-champiro-fe2-205-55-r16-91v-r-528983.html,GT Radial,Champiro FE2,205,55,16,91,V,56.23
https://www.tirendo.fr/windforce-advanfors-h-p-205-55-r16-91v-r-547635.html,Windforce,Advanfors H/P,205,55,16,91,V,56.31
https://www.tirendo.fr/atlas-green-3-4s-205-55-r16-91v-r-509817.html,Atlas,Green 3 4S,205,55,16,91,V,56.35
https://www.tirendo.fr/berlin-tires-summer-uhp-2-205-55-r16-94w-r-510178.html,Berlin Tires,Summer UHP 2,205,55,16,94,W,56.46
https://www.tirendo.fr/double-coin-dl19-185-80-r15-103-102r-r-518499.html,Double Coin,DCO-Max,205,55,16,91,V,55.38
https://www.tirendo.fr/accelera-x-grip-4s-205-55-r16-94v-r-412892.html,Accelera,X-Grip 4S,205,55,16,94,V,56.48
https://www.tirendo.fr/victory-road-as-205-55-r16-91h-r-521095.html,Victory,Road AS,205,55,16,91,H,56.52
https://www.tirendo.fr/sunny-nc501-205-55-r16-91v-r-394459.html,Sunny,NC501,205,55,16,91,V,52.58
https://www.tirendo.fr/roadx-rxmotion-4s-205-55-r16-94v-r-532634.html,RoadX,Rxmotion 4S,205,55,16,94,V,56.63
https://www.tirendo.fr/product/Novex/16/R-550492,Novex,SP A5,205,55,16,94,V,56.64
https://www.tirendo.fr/linglong-sport-master-205-55-r16-94y-r-530257.html,Linglong,Sport Master,205,55,16,94,Y,56.65
https://www.tirendo.fr/sailun-atrezzo-elite-sh32-205-55-r16-91h-r-534153.html,Sailun,Atrezzo Elite SH32,205,55,16,91,H,56.69
https://www.tirendo.fr/minerva-f209-205-55-r16-91h-r-347547.html,Minerva,F209,205,55,16,91,H,65.46
https://www.tirendo.fr/arivo-premio-arzero-205-55-r16-94w-r-444208.html,Arivo,Premio Arzero,205,55,16,94,W,56.76
https://www.tirendo.fr/victory-road-as-205-55-r16-91v-r-538568.html,Victory,Road AS,205,55,16,91,V,56.81
https://www.tirendo.fr/blackarrow-p15-205-55-r16-91v-r-482510.html,Blackarrow,P15,205,55,16,91,V,56.82
https://www.tirendo.fr/ilink-snowgripper-1-205-55-r16-91h-r-454592.html,Ilink,Snowgripper 1,205,55,16,91,H,56.83
https://www.tirendo.fr/linglong-green-max-all-season-205-55-r16-91v-r-365310.html,Linglong,GREEN-Max All Season,205,55,16,91,V,56.86
https://www.tirendo.fr/autogreen-smart-chaser-sc1-205-55-r16-91v-r-469684.html,Autogreen,Smart Chaser SC1,205,55,16,91,V,56.86
https://www.tirendo.fr/delinte-ds2-205-55-r16-94w-r-469782.html,Delinte,DS2,205,55,16,94,W,56.93
https://www.tirendo.fr/sunny-nc501-205-55-r16-94v-r-394460.html,Sunny,NC501,205,55,16,94,V,56.97
https://www.tirendo.fr/arivo-ultra-arz-5-205-55-r16-94w-r-468727.html,Arivo,Ultra ARZ-5,205,55,16,94,W,57.00
https://www.tirendo.fr/sailun-atrezzo-elite2-205-55-r16-91v-r-521235.html,Sailun,Atrezzo Elite2,205,55,16,91,V,57.02
https://www.tirendo.fr/tracmax-x-privilo-s-130-205-55-r16-91v-r-408495.html,Tracmax,X-Privilo S-130,205,55,16,91,V,57.05
https://www.tirendo.fr/sailun-atrezzo-elite2-205-55-r16-91v-r-545865.html,Sailun,Atrezzo Elite2,205,55,16,91,V,57.05
https://www.tirendo.fr/atlas-green-3-4s-205-55-r16-91h-r-512699.html,Atlas,Green 3 4S,205,55,16,91,H,57.07
https://www.tirendo.fr/atlas-polarbear-uhp-3-205-55-r16-94h-r-515833.html,Atlas,Polarbear UHP 3,205,55,16,94,H,57.07
https://www.tirendo.fr/roadx-rxmotion-performa-dh51-205-55-r16-91v-r-541839.html,RoadX,RXMotion Performa DH51,205,55,16,91,V,57.07
https://www.tirendo.fr/ovation-vi-782-as-205-55-r16-94v-r-540911.html,Ovation,VI-782 AS,205,55,16,94,V,57.11
https://www.tirendo.fr/linglong-comfort-master-205-55-r16-91v-r-471141.html,Linglong,Comfort Master,205,55,16,91,V,57.18
https://www.tirendo.fr/kumho-ecowing-es31-205-55-r16-91v-r-368265.html,Kumho,EcoWing ES31,205,55,16,91,V,57.22
https://www.tirendo.fr/westlake-all-seasons-elite-z-401-205-55-r16-94v-r-536781.html,Westlake,All Seasons Elite Z-401,205,55,16,94,V,57.35
https://www.tirendo.fr/radar-dimax-sprint-205-55-r16-94w-r-516922.html,Radar,Dimax Sprint,205,55,16,94,W,57.38
https://www.tirendo.fr/westlake-all-seasons-elite-z-401-205-55-r16-91v-r-538292.html,Westlake,All Seasons Elite Z-401,205,55,16,91,V,57.39
https://www.tirendo.fr/linglong-sport-master-205-55-r16-91v-r-470994.html,Linglong,Sport Master,205,55,16,91,V,84.71
https://www.tirendo.fr/nexen-n-blue-hd-plus-205-55-r16-91h-r-473273.html,Nexen,N blue HD Plus,205,55,16,91,H,57.42
https://www.tirendo.fr/landspider-eurotraxx-a-s-205-55-r16-91v-r-543929.html,Landspider,Eurotraxx A/S,205,55,16,91,V,57.42
https://www.tirendo.fr/nankang-econex-na-1-205-55-r16-94v-r-547442.html,Nankang,Econex NA-1,205,55,16,94,V,57.42
https://www.tirendo.fr/minerva-f209-205-55-r16-91w-r-347530.html,Minerva,F209,205,55,16,91,W,57.45
https://www.tirendo.fr/minerva-f209-205-55-r16-91v-r-347548.html,Minerva,F209,205,55,16,91,V,60.94
https://www.tirendo.fr/kenda-emera-a1-kr41-205-55-r16-94w-r-354342.html,Kenda,Emera A1 KR41,205,55,16,94,W,57.50
https://www.tirendo.fr/roadstone-n-blue-eco-205-55-r16-91v-r-356815.html,Roadstone,N blue Eco,205,55,16,91,V,57.50
https://www.tirendo.fr/tomket-snowroad-205-55-r16-91h-r-501237.html,Tomket,Snowroad,205,55,16,91,H,57.52
https://www.tirendo.fr/fortuna-eco-plus-2-4s-205-55-r16-91v-r-509827.html,Fortuna,Eco Plus 2 4S,205,55,16,91,V,57.53
https://www.tirendo.fr/superia-bluewin-uhp-3-205-55-r16-94h-r-513838.html,Superia,Bluewin UHP 3,205,55,16,94,H,57.53
https://www.tirendo.fr/fortuna-eco-plus-4s-205-55-r16-94h-r-518177.html,Fortuna,Eco Plus 4S,205,55,16,94,H,59.57
https://www.tirendo.fr/royal-black-royal-a-s-ii-205-55-r16-94w-r-502332.html,Royal Black,Royal A/S II,205,55,16,94,W,59.08
https://www.tirendo.fr/aplus-as-909-205-55-r16-94w-r-547710.html,APlus,AS 909,205,55,16,94,W,57.61
https://www.tirendo.fr/ovation-vi-682-ecovision-205-55-r16-91v-r-243985.html,Ovation,VI-682 Ecovision,205,55,16,91,V,57.67
https://www.tirendo.fr/nexen-n-blue-hd-plus-205-55-r16-91v-r-347618.html,Nexen,N blue HD Plus,205,55,16,91,V,57.67
https://www.tirendo.fr/sailun-atrezzo-4seasons-205-55-r16-94v-r-377711.html,Sailun,Atrezzo 4Seasons,205,55,16,94,V,57.74
https://www.tirendo.fr/rovelo-all-weather-r4s-205-55-r16-94v-r-538801.html,Rovelo,All weather R4S,205,55,16,94,V,57.74
https://www.tirendo.fr/nexen-n-blue-s-205-55-r16-91h-r-540423.html,Nexen,N blue S,205,55,16,91,H,57.74
https://www.tirendo.fr/sailun-atrezzo-elite-sh32-205-55-r16-91w-r-309848.html,Sailun,Atrezzo Elite SH32,205,55,16,91,W,57.75
https://www.tirendo.fr/product/Roadhog/16/R-549690,Roadhog,RGAS03,205,55,16,91,V,57.75
https://www.tirendo.fr/atlas-green-3-4s-205-55-r16-94v-r-511408.html,Atlas,Green 3 4S,205,55,16,94,V,57.78
https://www.tirendo.fr/goodride-all-season-elite-z-401-205-55-r16-91v-r-407958.html,Goodride,All Season Elite Z-401,205,55,16,91,V,57.91
https://www.tirendo.fr/superia-ecoblue-2-4s-205-55-r16-91v-r-509656.html,Superia,EcoBlue 2 4S,205,55,16,91,V,57.91
https://www.tirendo.fr/rovelo-all-weather-r4s-205-55-r16-94v-r-296918.html,Rovelo,All weather R4S,205,55,16,94,V,48.49
https://www.tirendo.fr/giti-gitisynergy-h2--205-55-r16-91h-r-540912.html,Giti,GitiSynergy H2+,205,55,16,91,H,57.99
https://www.tirendo.fr/sailun-atrezzo-elite-sh32-205-55-r16-91h-r-309844.html,Sailun,Atrezzo Elite SH32,205,55,16,91,H,58.01
https://www.tirendo.fr/greentrac-jorney-x-pro-205-55-r16-94v-r-526017.html,Greentrac,Jorney-X PRO,205,55,16,94,V,58.08
https://www.tirendo.fr/minerva-all-season-master-205-55-r16-91h-r-394243.html,Minerva,All Season Master,205,55,16,91,H,58.17
https://www.tirendo.fr/sailun-atrezzo-elite-sh32-205-55-r16-94v-r-322467.html,Sailun,Atrezzo Elite SH32,205,55,16,94,V,58.20
https://www.tirendo.fr/windforce-catchfors-h-p-205-55-r16-91v-r-446789.html,Windforce,Catchfors H/P,205,55,16,91,V,58.22
https://www.tirendo.fr/tristar-ecopower4-205-55-r16-91h-r-333702.html,Tristar,Ecopower4,205,55,16,91,H,58.23
https://www.tirendo.fr/westlake-z-507-205-55-r16-91v-r-434813.html,Westlake,Z-507,205,55,16,91,V,64.38
https://www.tirendo.fr/sunny-nc501-205-55-r16-94v-r-544478.html,Sunny,NC501,205,55,16,94,V,58.31
https://www.tirendo.fr/sailun-atrezzo-4seasons-205-55-r16-91h-r-322436.html,Sailun,Atrezzo 4Seasons,205,55,16,91,H,58.33
https://www.tirendo.fr/product/Lanvigator/16/R-548358,Lanvigator,Excite,205,55,16,94,W,58.36
https://www.tirendo.fr/product/Roadhog/16/R-549691,Roadhog,RGAS03,205,55,16,94,V,58.37
https://www.tirendo.fr/petlas-progreen-pt525-205-55-r16-91h-r-348949.html,Petlas,Progreen PT525,205,55,16,91,H,58.38
https://www.tirendo.fr/nordexx-4seasondrive-205-55-r16-94v-r-541535.html,Nordexx,4SeasonDrive,205,55,16,94,V,58.39
https://www.tirendo.fr/arivo-winmaster-arw-3-205-55-r16-91h-r-467691.html,Arivo,Winmaster ARW 3,205,55,16,91,H,58.40
https://www.tirendo.fr/landspider-sportraxx-uhp-205-55-r16-94w-r-522408.html,Landspider,Sportraxx UHP,205,55,16,94,W,58.41
https://www.tirendo.fr/trazano-z401-205-55-r16-94v-r-490505.html,Trazano,Z401,205,55,16,94,V,58.44
https://www.tirendo.fr/firemax-fm601-205-55-r16-91w-r-491858.html,Firemax,FM601,205,55,16,91,W,58.45
https://www.tirendo.fr/leao-nova-force-hp-205-55-r16-91v-d-119763.html,Leao,NOVA-FORCE HP,205,55,16,91,V,58.47
https://www.tirendo.fr/atlas-polarbear-uhp-205-55-r16-91v-r-443968.html,Atlas,Polarbear UHP,205,55,16,91,V,58.50
https://www.tirendo.fr/nexen-n-blue-hd-205-55-r16-91v-r-270567.html,Nexen,N blue HD,205,55,16,91,V,58.57
https://www.tirendo.fr/tracmax-ice-plus-s210-205-55-r16-94h-r-356652.html,Tracmax,Ice-Plus S210,205,55,16,94,H,58.64
https://www.tirendo.fr/westlake-all-seasons-elite-z-401-205-55-r16-94v-r-425520.html,Westlake,All Seasons Elite Z-401,205,55,16,94,V,58.66
https://www.tirendo.fr/minerva-frostrack-hp-205-55-r16-91v-r-345444.html,Minerva,Frostrack HP,205,55,16,91,V,58.73
https://www.tirendo.fr/lanvigator-catchsnow-205-55-r16-94h-r-315105.html,Lanvigator,CatchSnow,205,55,16,94,H,58.74
https://www.tirendo.fr/nexen-n-blue-s-205-55-r16-91h-r-529302.html,Nexen,N blue S,205,55,16,91,H,58.78
https://www.tirendo.fr/product/Minerva/16/R-549025,Minerva,Avenue AS,205,55,16,91,H,58.79
https://www.tirendo.fr/sailun-atrezzo-zsr-205-55-r16-91w-r-415547.html,Sailun,Atrezzo ZSR,205,55,16,91,W,58.80
https://www.tirendo.fr/arivo-carlorful-a-s-205-55-r16-94v-r-468393.html,Arivo,Carlorful A/S,205,55,16,94,V,58.85
https://www.tirendo.fr/ovation-w-586-205-55-r16-91h-r-247733.html,Ovation,W-586,205,55,16,91,H,58.89
https://www.tirendo.fr/crosswind-comfort-peak-205-55-r16-91h-r-538027.html,Crosswind,Comfort Peak,205,55,16,91,H,58.89
https://www.tirendo.fr/minerva-f209-205-55-r16-94v-r-362149.html,Minerva,F209,205,55,16,94,V,58.92
https://www.tirendo.fr/sailun-atrezzo-elite-sh32-205-55-r16-91w-r-545897.html,Sailun,Atrezzo Elite SH32,205,55,16,91,W,58.94
https://www.tirendo.fr/landsail-4-seasons-3-205-55-r16-91v-r-530361.html,Landsail,4-Seasons 3,205,55,16,91,V,58.00
https://www.tirendo.fr/envoy-aterna-205-55-r16-91v-r-524420.html,Envoy,Aterna,205,55,16,91,V,59.08
https://www.tirendo.fr/torque-tq025-205-55-r16-94v-r-332336.html,Torque,TQ025,205,55,16,94,V,59.17
https://www.tirendo.fr/goodride-all-season-elite-z-401-205-55-r16-94v-r-407963.html,Goodride,All Season Elite Z-401,205,55,16,94,V,59.25
https://www.tirendo.fr/optimo-all-weather-ol41-205-55-r16-94v-d-141505.html,Optimo,All Weather OL41,205,55,16,94,V,60.22
https://www.tirendo.fr/torque-tq901-205-55-r16-94w-r-426511.html,Torque,TQ901,205,55,16,94,W,59.34
https://www.tirendo.fr/tracmax-x-privilo-tx3-205-55-r16-94w-r-388304.html,Tracmax,X Privilo TX3,205,55,16,94,W,59.35
https://www.tirendo.fr/evergreen-eh23-205-55-r16-91v-r-486657.html,Evergreen,EH23,205,55,16,91,V,59.36
https://www.tirendo.fr/laufenn-s-fit-2-lk12-205-55-r16-91h-r-531671.html,Laufenn,S Fit 2 LK12,205,55,16,91,H,59.41
https://www.tirendo.fr/landsail-winter-lander-205-55-r16-91h-r-244242.html,Landsail,Winter Lander,205,55,16,91,H,58.10
https://www.tirendo.fr/insa-turbo-ecosaver-205-55-r16-91v-r-293695.html,Insa Turbo,Ecosaver,205,55,16,91,V,59.49
https://www.tirendo.fr/imperial-ecodriver-5-205-55-r16-91w-r-346576.html,Imperial,Ecodriver 5,205,55,16,91,W,59.50
https://www.tirendo.fr/sailun-atrezzo-elite2-205-55-r16-94v-r-545866.html,Sailun,Atrezzo Elite2,205,55,16,94,V,59.51
https://www.tirendo.fr/sailun-atrezzo-zsr2-205-55-r16-91y-r-548151.html,Sailun,Atrezzo ZSR2,205,55,16,91,Y,59.51
https://www.tirendo.fr/ovation-ev-582-205-55-r16-94v-r-492688.html,Ovation,EV 582,205,55,16,94,V,59.59
https://www.tirendo.fr/giti-synergy-h2-205-55-r16-91v-r-530369.html,Giti,Synergy H2,205,55,16,91,V,59.60
https://www.tirendo.fr/tristar-ecopower4-205-55-r16-91w-r-333704.html,Tristar,Ecopower4,205,55,16,91,W,59.63
https://www.tirendo.fr/arisun-all-season-elite-z-401-205-55-r16-91v-r-544098.html,Arisun,All Season Elite Z-401,205,55,16,91,V,59.65
https://www.tirendo.fr/kormoran-summer-3-205-55-r16-91v-r-536397.html,Kormoran,Summer 3,205,55,16,91,V,59.70
https://www.tirendo.fr/nexen-n-fera-primus-205-55-r16-91v-r-451307.html,Nexen,N Fera Primus,205,55,16,91,V,59.76
https://www.tirendo.fr/rockblade-rock-868s-205-55-r16-91h-r-475094.html,Rockblade,Rock 868S,205,55,16,91,H,59.58
https://www.tirendo.fr/fortune-fsr702-205-55-r16-94w-r-546577.html,Fortune,FSR702,205,55,16,94,W,49.63
https://www.tirendo.fr/tomket-eco-3-205-55-r16-91v-r-372782.html,Tomket,Eco 3,205,55,16,91,V,59.81
https://www.tirendo.fr/tomket-snowroad-pro-3-205-55-r16-94h-r-363650.html,Tomket,Snowroad Pro 3,205,55,16,94,H,59.85
https://www.tirendo.fr/nexen-n-blue-s-205-55-r16-91v-d-138843.html,Nexen,N blue S,205,55,16,91,V,59.86
https://www.tirendo.fr/product/Goodtrip/16/R-543573,Goodtrip,BlueGuard AS,205,55,16,91,V,59.89
https://www.tirendo.fr/rovelo-rpx-988-205-55-r16-91w-r-296841.html,Rovelo,RPX 988,205,55,16,91,W,59.95
https://www.tirendo.fr/grenlander-colo-h02-205-55-r16-94w-r-472970.html,Grenlander,Colo H02,205,55,16,94,W,90.02
https://www.tirendo.fr/tristar-snowpower-hp-205-55-r16-91h-r-316355.html,Tristar,Snowpower HP,205,55,16,91,H,59.98
https://www.tirendo.fr/arivo-ultra-arz-4-205-55-r16-94w-r-468690.html,Arivo,Ultra ARZ-4,205,55,16,94,W,60.00
https://www.tirendo.fr/nexen-n-blue-s-205-55-r16-91v-r-436128.html,Nexen,N blue S,205,55,16,91,V,60.01
https://www.tirendo.fr/kormoran-summer-3-205-55-r16-94v-r-536399.html,Kormoran,Summer 3,205,55,16,94,V,60.02
https://www.tirendo.fr/roadx-rxmotion-performa-dh51-205-55-r16-94v-r-536771.html,RoadX,RXMotion Performa DH51,205,55,16,94,V,60.09
https://www.tirendo.fr/linglong-sport-master-4s-205-55-r16-91v-r-528809.html,Linglong,Sport Master 4S,205,55,16,91,V,60.11
https://www.tirendo.fr/westlake-sw608-205-55-r16-91h-r-196220.html,Westlake,SW608,205,55,16,91,H,60.12
https://www.tirendo.fr/product/Autogreen/16/R-548693,Autogreen,All Season Versat AS2,205,55,16,91,V,60.14
https://www.tirendo.fr/debica-presto-hp-2-205-55-r16-91v-r-348832.html,Debica,Presto HP 2,205,55,16,91,V,60.19
https://www.tirendo.fr/sava-intensa-hp2-205-55-r16-91v-r-349542.html,Sava,Intensa HP2,205,55,16,91,V,60.19
https://www.tirendo.fr/kumho-ecsta-hs52-205-55-r16-91v-r-543062.html,Kumho,Ecsta HS52,205,55,16,91,V,75.92
https://www.tirendo.fr/prinx-aquila-pro-205-55-r16-91v-r-517615.html,Prinx,Aquila Pro,205,55,16,91,V,60.32
https://www.tirendo.fr/tristar-snowpower-hp-205-55-r16-91v-r-259547.html,Tristar,Snowpower HP,205,55,16,91,V,60.33
https://www.tirendo.fr/milestone-ma01-205-55-r16-94v-r-532747.html,Milestone,MA01,205,55,16,94,V,60.42
https://www.tirendo.fr/fortuna-gowin-uhp-205-55-r16-91h-r-363865.html,Fortuna,Gowin UHP,205,55,16,91,H,60.43
https://www.tirendo.fr/landspider-eurotraxx-h-p-205-55-r16-91w-r-526498.html,Landspider,Eurotraxx H/P,205,55,16,91,W,60.46
https://www.tirendo.fr/landsail-4-seasons-3-205-55-r16-94v-r-533351.html,Landsail,4-Seasons 3,205,55,16,94,V,59.29
https://www.tirendo.fr/product/Lanvigator/16/R-549399,Lanvigator,Catchfors A/S 2,205,55,16,94,W,60.50
https://www.tirendo.fr/kumho-ecowing-es31-205-55-r16-94h-r-368263.html,Kumho,EcoWing ES31,205,55,16,94,H,60.53
https://www.tirendo.fr/nexen-n-blue-hd-plus-205-55-r16-91v-r-398624.html,Nexen,N blue HD Plus,205,55,16,91,V,60.53
https://www.tirendo.fr/comforser-cf620-205-55-r16-94v-r-490276.html,Comforser,CF620,205,55,16,94,V,60.61
https://www.tirendo.fr/torque-tq901-205-55-r16-94w-r-546669.html,Torque,TQ901,205,55,16,94,W,60.61
https://www.tirendo.fr/imperial-ecodriver-5-205-55-r16-94v-r-362176.html,Imperial,Ecodriver 5,205,55,16,94,V,60.68
https://www.tirendo.fr/debica-presto-hp-2-205-55-r16-91h-r-348831.html,Debica,Presto HP 2,205,55,16,91,H,60.70
https://www.tirendo.fr/giti-synergy-h2-205-55-r16-91v-r-446930.html,Giti,Synergy H2,205,55,16,91,V,135.73
https://www.tirendo.fr/maxxis-premitra-6-205-55-r16-91v-r-516189.html,Maxxis,Premitra 6,205,55,16,91,V,60.80
https://www.tirendo.fr/giti-synergy-h2-205-55-r16-94v-r-530374.html,Giti,Synergy H2,205,55,16,94,V,60.84
https://www.tirendo.fr/gt-radial-champiro-fe2-205-55-r16-91h-r-528992.html,GT Radial,Champiro FE2,205,55,16,91,H,60.88
https://www.tirendo.fr/tomket-eco-3-205-55-r16-94v-r-372783.html,Tomket,Eco 3,205,55,16,94,V,60.91
https://www.tirendo.fr/laufenn-s-fit-2-lk12-205-55-r16-91v-r-531670.html,Laufenn,S Fit 2 LK12,205,55,16,91,V,60.95
https://www.tirendo.fr/product/Minerva/16/R-549542,Minerva,Avenue AS,205,55,16,94,V,60.99
https://www.tirendo.fr/sava-intensa-hp2-205-55-r16-91h-r-349540.html,Sava,Intensa HP2,205,55,16,91,H,61.00
https://www.tirendo.fr/goodtrip-blueguard-205-55-r16-91h-r-519141.html,Goodtrip,BlueGuard,205,55,16,91,H,61.00
https://www.tirendo.fr/tristar-ecopower4-205-55-r16-94v-r-344924.html,Tristar,Ecopower4,205,55,16,94,V,61.03
https://www.tirendo.fr/tristar-snowpower-uhp-205-55-r16-94h-r-352467.html,Tristar,Snowpower UHP,205,55,16,94,H,66.89
https://www.tirendo.fr/tristar-all-season-power-205-55-r16-91h-r-387017.html,Tristar,All Season Power,205,55,16,91,H,69.80
https://www.tirendo.fr/petlas-velox-sport-pt741-205-55-r16-94w-r-270457.html,Petlas,Velox Sport PT741,205,55,16,94,W,61.05
https://www.tirendo.fr/imperial-snowdragon-hp-205-55-r16-91h-r-334852.html,Imperial,SnowDragon HP,205,55,16,91,H,61.12
https://www.tirendo.fr/nexen-n-blue-hd-plus-205-55-r16-91v-r-278126.html,Nexen,N blue HD Plus,205,55,16,91,V,61.20
https://www.tirendo.fr/apollo-alnac-4g-205-55-r16-91h-r-509683.html,Apollo,Alnac 4G,205,55,16,91,H,61.27
https://www.tirendo.fr/maxxis-premitra-snow-wp6-205-55-r16-91h-r-411670.html,Maxxis,Premitra Snow WP6,205,55,16,91,H,61.28
https://www.tirendo.fr/rotalla-setula-4-season-ra03-205-55-r16-94v-r-386383.html,Rotalla,Setula 4 Season RA03,205,55,16,94,V,61.31
https://www.tirendo.fr/triangle-winterx-tw401-205-55-r16-94v-r-437270.html,Triangle,WinterX TW401,205,55,16,94,V,61.32
https://www.tirendo.fr/landsail-4-seasons-3-205-55-r16-91v-r-540599.html,Landsail,4-Seasons 3,205,55,16,91,V,61.34
https://www.tirendo.fr/goodtrip-blueguard-205-55-r16-91w-r-522474.html,Goodtrip,BlueGuard,205,55,16,91,W,61.37
https://www.tirendo.fr/kumho-ecsta-ps31-205-55-r16-91w-r-310828.html,Kumho,Ecsta PS31,205,55,16,91,W,61.38
https://www.tirendo.fr/neolin-neogreen-plus-205-55-r16-91v-r-521287.html,Neolin,Neogreen Plus,205,55,16,91,V,61.41
https://www.tirendo.fr/product/Goodride/16/D-153155,Goodride,SW608,205,55,16,91,H,61.45
https://www.tirendo.fr/lanvigator-wintergrip-hp-205-55-r16-91h-r-464456.html,Lanvigator,Wintergrip HP,205,55,16,91,H,53.27
https://www.tirendo.fr/roadx-rxmotion-du71-205-55-r16-91y-r-509586.html,RoadX,RXMotion DU71,205,55,16,91,Y,61.48
https://www.tirendo.fr/kenda-kenetica-4s-kr-202-205-55-r16-94v-r-523051.html,Kenda,Kenetica 4S KR-202,205,55,16,94,V,59.89
https://www.tirendo.fr/kormoran-summer-3-205-55-r16-91h-r-536395.html,Kormoran,Summer 3,205,55,16,91,H,61.51
https://www.tirendo.fr/sailun-atrezzo-zsr2-205-55-r16-91y-r-530646.html,Sailun,Atrezzo ZSR2,205,55,16,91,Y,62.39
https://www.tirendo.fr/nereus-ns601-205-55-r16-91v-r-342102.html,Nereus,NS601,205,55,16,91,V,61.56
https://www.tirendo.fr/linglong-sport-master-205-55-r16-94y-r-484325.html,Linglong,Sport Master,205,55,16,94,Y,61.61
https://www.tirendo.fr/event-admonum-4s-205-55-r16-94v-r-360782.html,Event,Admonum 4S,205,55,16,94,V,61.62
https://www.tirendo.fr/nexen-n-blue-hd-plus-205-55-r16-91v-r-441587.html,Nexen,N blue HD Plus,205,55,16,91,V,61.63
https://www.tirendo.fr/cst-medallion-md-a7-205-55-r16-94w-r-492195.html,CST,Medallion MD-A7,205,55,16,94,W,67.16
https://www.tirendo.fr/kumho-ecsta-hs52-205-55-r16-91w-r-473037.html,Kumho,Ecsta HS52,205,55,16,91,W,61.70
https://www.tirendo.fr/kumho-ecsta-hs52-205-55-r16-91v-d-125947.html,Kumho,Ecsta HS52,205,55,16,91,V,61.72
https://www.tirendo.fr/tristar-all-season-power-205-55-r16-91v-r-387018.html,Tristar,All Season Power,205,55,16,91,V,61.73
https://www.tirendo.fr/royal-black-winter-hp-205-55-r16-91h-r-475180.html,Royal Black,Winter HP,205,55,16,91,H,61.73
https://www.tirendo.fr/delinte-ds2-205-55-r16-91v-r-548064.html,Delinte,DS2,205,55,16,91,V,61.73
https://www.tirendo.fr/nankang-sportnex-as-3-205-55-r16-91v-r-510951.html,Nankang,Sportnex AS-3,205,55,16,91,V,61.75
https://www.tirendo.fr/tourador-x-wonder-th1-205-55-r16-94v-r-488811.html,Tourador,X Wonder TH1,205,55,16,94,V,61.79
https://www.tirendo.fr/imperial-snowdragon-hp-205-55-r16-91v-r-362175.html,Imperial,SnowDragon HP,205,55,16,91,V,61.86
https://www.tirendo.fr/greentrac-winter-master-d1-205-55-r16-91h-r-474332.html,Greentrac,Winter Master D1,205,55,16,91,H,58.83
https://www.tirendo.fr/goodtrip-blueguard-205-55-r16-91v-r-519142.html,Goodtrip,BlueGuard,205,55,16,91,V,62.00
https://www.tirendo.fr/nexen-n-blue-s-205-55-r16-91v-r-473408.html,Nexen,N blue S,205,55,16,91,V,61.03
https://www.tirendo.fr/sonix-ecopro-99-205-55-r16-91v-r-505394.html,Sonix,Ecopro 99,205,55,16,91,V,62.09
https://www.tirendo.fr/transmate-transerenus-eco-205-55-r16-91v-r-519118.html,Transmate,Transerenus Eco,205,55,16,91,V,62.10
https://www.tirendo.fr/laufenn-s-fit-eq--lk01-205-55-r16-91v-r-438349.html,Laufenn,S Fit EQ+ LK01,205,55,16,91,V,62.12
https://www.tirendo.fr/atlander-landerallseason-atl55-205-55-r16-94v-r-547332.html,Atlander,LanderAllseason ATL55,205,55,16,94,V,62.17
https://www.tirendo.fr/maxtrek-relamax-4s-205-55-r16-94v-r-523025.html,Maxtrek,Relamax 4S,205,55,16,94,V,62.19
https://www.tirendo.fr/austone-sp401-205-55-r16-94v-r-546366.html,AUSTONE,SP401,205,55,16,94,V,62.21
https://www.tirendo.fr/product/Dynamo/16/R-551296,Dynamo,Winter,205,55,16,94,H,62.24
https://www.tirendo.fr/product/Milestone/16/R-552757,Milestone,MZ01,205,55,16,91,V,62.26
https://www.tirendo.fr/zmax-landgema-205-55-r16-94w-r-435406.html,Zmax,Landgema,205,55,16,94,W,62.29
https://www.tirendo.fr/leao-nova-force-205-55-r16-94w-d-119720.html,Leao,NOVA-FORCE,205,55,16,94,W,62.34
https://www.tirendo.fr/gt-radial-champiro-fe2-205-55-r16-91w-r-530481.html,GT Radial,Champiro FE2,205,55,16,91,W,60.26
https://www.tirendo.fr/zeetex-zt1000-205-55-r16-91w-r-400163.html,Zeetex,ZT1000,205,55,16,91,W,65.04
https://www.tirendo.fr/royal-black-royal-power-205-55-r16-94w-r-546986.html,Royal Black,Royal Power,205,55,16,94,W,62.45
https://www.tirendo.fr/evergreen-eh23-205-55-r16-91w-r-247207.html,Evergreen,EH23,205,55,16,91,W,62.48
https://www.tirendo.fr/zeetex-zt6000-eco-205-55-r16-91v-r-469521.html,Zeetex,ZT6000 Eco,205,55,16,91,V,62.49
https://www.tirendo.fr/evergreen-eh23-205-55-r16-94v-r-491210.html,Evergreen,EH23,205,55,16,94,V,62.53
https://www.tirendo.fr/landsail-4-seasons-3-205-55-r16-94v-r-540576.html,Landsail,4-Seasons 3,205,55,16,94,V,62.56
https://www.tirendo.fr/sailun-ice-blazer-alpine-plus-205-55-r16-91h-r-407776.html,Sailun,Ice Blazer Alpine Plus,205,55,16,91,H,61.46
https://www.tirendo.fr/viking-fourtech-plus-205-55-r16-91h-d-127899.html,Viking,FourTech Plus,205,55,16,91,H,62.75
https://www.tirendo.fr/product/Lanvigator/16/R-548308,Lanvigator,Fastone,205,55,16,91,V,62.75
https://www.tirendo.fr/laufenn-s-fit-eq--lk01-205-55-r16-91h-d-123075.html,Laufenn,S Fit EQ+ LK01,205,55,16,91,H,57.69
https://www.tirendo.fr/kormoran-summer-3-205-55-r16-91w-r-536407.html,Kormoran,Summer 3,205,55,16,91,W,62.76
https://www.tirendo.fr/product/Novex/16/R-550499,Novex,AS 5G,205,55,16,94,V,62.76
https://www.tirendo.fr/fulda-ecocontrol-hp-2-205-55-r16-91h-r-348904.html,Fulda,EcoControl HP 2,205,55,16,91,H,62.80
https://www.tirendo.fr/giti-gitisynergy-h2--205-55-r16-91v-r-545471.html,Giti,GitiSynergy H2+,205,55,16,91,V,62.88
https://www.tirendo.fr/tourador-x-wonder-th1-205-55-r16-91v-r-398594.html,Tourador,X Wonder TH1,205,55,16,91,V,62.90
https://www.tirendo.fr/sailun-atrezzo-elite-sh32-205-55-r16-94v-r-540295.html,Sailun,Atrezzo Elite SH32,205,55,16,94,V,63.01
https://www.tirendo.fr/evergreen-dynacomfort-eh228-205-55-r16-94w-r-508813.html,Evergreen,Dynacomfort EH228,205,55,16,94,W,63.02
https://www.tirendo.fr/product/Landspider/16/R-543930,Landspider,Eurotraxx A/S,205,55,16,94,V,63.02
https://www.tirendo.fr/insa-turbo-pirineos-205-55-r16-91h-r-272301.html,Insa Turbo,Pirineos,205,55,16,91,H,63.04
https://www.tirendo.fr/kenda-kenetica-4s-kr-202-205-55-r16-91h-r-523040.html,Kenda,Kenetica 4S KR-202,205,55,16,91,H,63.08
https://www.tirendo.fr/sailun-atrezzo-4seasons-ev-205-55-r16-94v-r-530815.html,Sailun,Atrezzo 4Seasons Ev,205,55,16,94,V,63.09
https://www.tirendo.fr/sailun-ice-blazer-alpine-plus-205-55-r16-91h-r-530817.html,Sailun,Ice Blazer Alpine Plus,205,55,16,91,H,63.09
https://www.tirendo.fr/maxtrek-relamax-4s-205-55-r16-91v-r-445395.html,Maxtrek,Relamax 4S,205,55,16,91,V,63.19
https://www.tirendo.fr/insa-turbo-winter-grip-205-55-r16-91h-d-119500.html,Insa Turbo,WINTER GRIP,205,55,16,91,H,63.29
https://www.tirendo.fr/minerva-frostrack-uhp-205-55-r16-91h-r-365703.html,Minerva,Frostrack UHP,205,55,16,91,H,71.06
https://www.tirendo.fr/product/Zeetex/16/R-549767,Zeetex,HP5000 Max,205,55,16,94,W,63.37
https://www.tirendo.fr/maxxis-mecotra-3-205-55-r16-91v-r-389659.html,Maxxis,Mecotra 3,205,55,16,91,V,63.40
https://www.tirendo.fr/viking-protech-newgen-205-55-r16-91v-r-387251.html,Viking,ProTech NewGen,205,55,16,91,V,59.44
https://www.tirendo.fr/ceat-winterdrive-205-55-r16-91h-r-353155.html,Ceat,WinterDrive,205,55,16,91,H,63.47
https://www.tirendo.fr/berlin-tires-all-season-2-205-55-r16-91v-r-507087.html,Berlin Tires,All Season 2,205,55,16,91,V,63.47
https://www.tirendo.fr/insa-turbo-all-season-205-55-r16-91v-r-493903.html,Insa Turbo,All Season,205,55,16,91,V,65.85
https://www.tirendo.fr/sailun-atrezzo-zsr2-205-55-r16-91y-r-505547.html,Sailun,Atrezzo ZSR2,205,55,16,91,Y,63.54
https://www.tirendo.fr/fortuna-eco-plus-hp-205-55-r16-91h-r-432718.html,Fortuna,Eco Plus HP,205,55,16,91,H,63.58
https://www.tirendo.fr/kumho-solus-4s-ha32--205-55-r16-94v-r-487608.html,Kumho,Solus 4S HA32+,205,55,16,94,V,63.27
https://www.tirendo.fr/fortune-fsr401-205-55-r16-94v-r-434631.html,Fortune,FSR401,205,55,16,94,V,63.49
https://www.tirendo.fr/fortuna-eco-plus-hp-205-55-r16-91w-r-432719.html,Fortuna,Eco Plus HP,205,55,16,91,W,63.67
https://www.tirendo.fr/goodride-zupersnow-z-507-205-55-r16-91v-r-385120.html,Goodride,ZuperSnow Z-507,205,55,16,91,V,63.71
https://www.tirendo.fr/maxxis-premitra-all-season-ap3-205-55-r16-91h-r-416081.html,Maxxis,Premitra All Season AP3,205,55,16,91,H,63.77
https://www.tirendo.fr/tristar-all-season-power-205-55-r16-94v-r-387019.html,Tristar,All Season Power,205,55,16,94,V,62.88
https://www.tirendo.fr/windforce-terramaster-a-s-205-55-r16-91v-r-545935.html,Windforce,Terramaster A/S,205,55,16,91,V,63.85
https://www.tirendo.fr/laufenn-s-fit-eq--lk01-205-55-r16-91v-d-123076.html,Laufenn,S Fit EQ+ LK01,205,55,16,91,V,63.86
https://www.tirendo.fr/kumho-ecsta-hs52-205-55-r16-91v-r-495837.html,Kumho,Ecsta HS52,205,55,16,91,V,63.86
https://www.tirendo.fr/nexen-n-fera-su1-205-55-r16-94v-r-363919.html,Nexen,N Fera SU1,205,55,16,94,V,63.90
https://www.tirendo.fr/minerva-frostrack-uhp-205-55-r16-94h-r-375628.html,Minerva,Frostrack UHP,205,55,16,94,H,70.33
https://www.tirendo.fr/taurus-summer-3-205-55-r16-91h-r-525422.html,Taurus,Summer 3,205,55,16,91,H,63.90
https://www.tirendo.fr/taurus-summer-3-205-55-r16-91v-r-525404.html,Taurus,Summer 3,205,55,16,91,V,63.95
https://www.tirendo.fr/product/Roadstone/16/R-552862,Roadstone,N Fera SU1,205,55,16,94,V,63.96
https://www.tirendo.fr/nankang-ice-activa-2-205-55-r16-94t-r-427724.html,Nankang,ICE ACTIVA 2,205,55,16,94,T,63.98
https://www.tirendo.fr/torque-tq022-205-55-r16-91h-r-244214.html,Torque,TQ022,205,55,16,91,H,98.45
https://www.tirendo.fr/nexen-n-fera-sport-205-55-r16-91h-r-529378.html,Nexen,N Fera Sport,205,55,16,91,H,64.06
https://www.tirendo.fr/fortune-fsr-901-205-55-r16-91h-r-365632.html,Fortune,FSR-901,205,55,16,91,H,64.12
https://www.tirendo.fr/road-king-argos-uhp-205-55-r16-94w-r-537831.html,Road King,Argos UHP,205,55,16,94,W,64.19
https://www.tirendo.fr/kumho-solus-4s-ha32-205-55-r16-91h-d-125050.html,Kumho,Solus 4S HA32,205,55,16,91,H,64.20
https://www.tirendo.fr/goodride-icemaster-spike-z-506-205-55-r16-94t-r-406345.html,Goodride,IceMaster Spike Z-506,205,55,16,94,T,78.63
https://www.tirendo.fr/grenlander-colo-h02-205-55-r16-91v-r-485802.html,Grenlander,Colo H02,205,55,16,91,V,57.07
https://www.tirendo.fr/maxxis-premitra-6-205-55-r16-94w-r-516180.html,Maxxis,Premitra 6,205,55,16,94,W,64.28
https://www.tirendo.fr/kenda-kr203-205-55-r16-91v-r-544936.html,Kenda,KR203,205,55,16,91,V,64.31
https://www.tirendo.fr/product/Delinte/16/R-549442,Delinte,AW7,205,55,16,91,V,64.32
https://www.tirendo.fr/fortuna-eco-plus-2-4s-205-55-r16-94v-r-508305.html,Fortuna,Eco Plus 2 4S,205,55,16,94,V,64.33
https://www.tirendo.fr/kumho-ecowing-es31-205-55-r16-91h-d-154667.html,Kumho,EcoWing ES31,205,55,16,91,H,64.34
https://www.tirendo.fr/firemax-fm601-205-55-r16-91w-r-379178.html,Firemax,FM601,205,55,16,91,W,64.35
https://www.tirendo.fr/arivo-winmaster-arw-1-205-55-r16-91h-r-500755.html,Arivo,Winmaster ARW 1,205,55,16,91,H,64.36
https://www.tirendo.fr/nankang-sportnex-as-2--205-55-r16-94v-r-319839.html,Nankang,Sportnex AS-2+,205,55,16,94,V,64.39
https://www.tirendo.fr/kormoran-summer-3-205-55-r16-94w-r-536408.html,Kormoran,Summer 3,205,55,16,94,W,64.40
https://www.tirendo.fr/antares-ingens-ev-205-55-r16-91v-r-513170.html,Antares,Ingens EV,205,55,16,91,V,64.41
https://www.tirendo.fr/fortuna-eco-plus-hp-205-55-r16-94v-r-436105.html,Fortuna,Eco Plus HP,205,55,16,94,V,64.42
https://www.tirendo.fr/hankook-kinergy-eco-2-k435-205-55-r16-91h-r-437615.html,Hankook,Kinergy Eco 2 K435,205,55,16,91,H,64.44
https://www.tirendo.fr/nankang-sportnex-as-2--205-55-r16-94w-r-408403.html,Nankang,Sportnex AS-2+,205,55,16,94,W,64.52
https://www.tirendo.fr/wanli-harmonic-sp226-205-55-r16-94v-r-546841.html,Wanli,Harmonic SP226,205,55,16,94,V,64.55
https://www.tirendo.fr/fortune-fsr-801-205-55-r16-94v-r-378321.html,Fortune,FSR-801,205,55,16,94,V,64.56
https://www.tirendo.fr/taurus-summer-3-205-55-r16-94v-r-526004.html,Taurus,Summer 3,205,55,16,94,V,64.66
https://www.tirendo.fr/linglong-sport-master-winter-205-55-r16-91h-r-526925.html,Linglong,Sport Master Winter,205,55,16,91,H,64.69
https://www.tirendo.fr/product/Minerva/16/R-549022,Minerva,Avenue AS,205,55,16,91,V,64.77
https://www.tirendo.fr/product/RoadX/16/R-550033,RoadX,Multiseason,205,55,16,94,V,64.84
https://www.tirendo.fr/laufenn-g-fit-4s-lh71-205-55-r16-91h-r-453957.html,Laufenn,G Fit 4S LH71,205,55,16,91,H,64.87
https://www.tirendo.fr/accelera-x-grip-n-205-55-r16-91h-r-535954.html,Accelera,X-Grip N,205,55,16,91,H,64.77
https://www.tirendo.fr/windforce-catchfors-uhp-205-55-r16-94w-r-495923.html,Windforce,Catchfors UHP,205,55,16,94,W,64.95
https://www.tirendo.fr/sunny-np226-205-55-r16-91v-r-410451.html,Sunny,NP226,205,55,16,91,V,47.23
https://www.tirendo.fr/kenda-kr210-205-55-r16-91v-r-544014.html,Kenda,KR210,205,55,16,91,V,64.97
https://www.tirendo.fr/hankook-kinergy-eco-2-k435-205-55-r16-91h-r-357672.html,Hankook,Kinergy Eco 2 K435,205,55,16,91,H,63.77
https://www.tirendo.fr/marshal-mh15-205-55-r16-91h-r-449487.html,Marshal,MH15,205,55,16,91,H,64.98
https://www.tirendo.fr/leao-i-green-allseason-205-55-r16-91v-r-534648.html,Leao,I-Green Allseason,205,55,16,91,V,64.98
https://www.tirendo.fr/grenlander-greenwing-a-s-205-55-r16-91h-r-434059.html,Grenlander,Greenwing A/S,205,55,16,91,H,44.52
https://www.tirendo.fr/nexen-n-fera-primus-205-55-r16-91w-r-388032.html,Nexen,N Fera Primus,205,55,16,91,W,65.01
https://www.tirendo.fr/kenda-kr202-205-55-r16-91h-r-432278.html,Kenda,KR202,205,55,16,91,H,65.03
https://www.tirendo.fr/product/PowerTrac/16/R-551726,PowerTrac,Power Contact A/S,205,55,16,91,V,65.03
https://www.tirendo.fr/petlas-snowmaster-2-205-55-r16-91h-r-496651.html,Petlas,Snowmaster 2,205,55,16,91,H,65.82
https://www.tirendo.fr/leao-nova-force-hp100-205-55-r16-91v-r-535846.html,Leao,Nova Force HP100,205,55,16,91,V,65.17
https://www.tirendo.fr/sailun-ice-blazer-alpine-2-205-55-r16-91h-r-530177.html,Sailun,Ice Blazer Alpine 2,205,55,16,91,H,65.19
https://www.tirendo.fr/product/Milestone/16/R-552752,Milestone,MA01,205,55,16,91,V,65.21
https://www.tirendo.fr/kumho-ecsta-hs52-205-55-r16-94w-d-125948.html,Kumho,Ecsta HS52,205,55,16,94,W,65.22
https://www.tirendo.fr/victory-road-as-205-55-r16-91v-r-521072.html,Victory,Road AS,205,55,16,91,V,65.22
https://www.tirendo.fr/sailun-atrezzo-zsr2-205-55-r16-94y-r-505548.html,Sailun,Atrezzo ZSR2,205,55,16,94,Y,65.25
https://www.tirendo.fr/sailun-ice-blazer-alpine-plus-205-55-r16-94h-r-407764.html,Sailun,Ice Blazer Alpine Plus,205,55,16,94,H,65.32
https://www.tirendo.fr/kumho-ecowing-es31-205-55-r16-94v-r-368267.html,Kumho,EcoWing ES31,205,55,16,94,V,63.83
https://www.tirendo.fr/product/TBB+Tires/16/D-153539,TBB Tires,Fortezza,205,55,16,91,W,63.07
https://www.tirendo.fr/product/TBB+Tires/16/D-153540,TBB Tires,Fortezza,205,55,16,94,V,65.36
https://www.tirendo.fr/radar-rpx800-205-55-r16-94w-r-290498.html,Radar,RPX800,205,55,16,94,W,65.36
https://www.tirendo.fr/apollo-alnac-4g-205-55-r16-91h-r-235196.html,Apollo,Alnac 4G,205,55,16,91,H,65.46
https://www.tirendo.fr/lanvigator-catchfors-a-s-205-55-r16-94v-r-388184.html,Lanvigator,Catchfors A/S,205,55,16,94,V,84.59
https://www.tirendo.fr/apollo-alnac-4g-205-55-r16-91v-r-445504.html,Apollo,Alnac 4G,205,55,16,91,V,65.47
https://www.tirendo.fr/fulda-ecocontrol-hp-2-205-55-r16-91v-r-348979.html,Fulda,EcoControl HP 2,205,55,16,91,V,65.50
https://www.tirendo.fr/sonix-winter-xpro-888-205-55-r16-91h-r-513959.html,Sonix,Winter Xpro 888,205,55,16,91,H,65.52
https://www.tirendo.fr/product/Dynamo/16/R-552689,Dynamo,All Weather,205,55,16,94,V,65.53
https://www.tirendo.fr/maxtrek-maximus-m2-205-55-r16-91v-r-488614.html,Maxtrek,MAXIMUS M2,205,55,16,91,V,65.57
https://www.tirendo.fr/tourador-x-wonder-th1-205-55-r16-94w-r-427460.html,Tourador,X Wonder TH1,205,55,16,94,W,65.61
https://www.tirendo.fr/dynamo-street-h-prima-205-55-r16-94v-r-536071.html,Dynamo,Street-H Prima,205,55,16,94,V,65.61
https://www.tirendo.fr/product/Sailun/16/R-549100,Sailun,Atrezzo 4Seasons Ultra,205,55,16,94,V,65.61
https://www.tirendo.fr/product/Fronway/16/R-551763,Fronway,Ecogreen 55,205,55,16,94,W,65.61
https://www.tirendo.fr/product/Windforce/16/R-550053,Windforce,Terramaster A/S,205,55,16,94,V,65.68
https://www.tirendo.fr/debica-presto-hp-2-205-55-r16-91w-r-348833.html,Debica,Presto HP 2,205,55,16,91,W,65.69
https://www.tirendo.fr/product/Wanli/16/R-551698,Wanli,SW612,205,55,16,91,H,65.71
https://www.tirendo.fr/matador-mp93-nordicca-205-55-r16-91h-d-123693.html,Matador,MP93 Nordicca,205,55,16,91,H,65.79
https://www.tirendo.fr/taurus-summer-3-205-55-r16-91w-r-525399.html,Taurus,Summer 3,205,55,16,91,W,65.80
https://www.tirendo.fr/falken-sincera-sn110-205-55-r16-91h-r-470401.html,Falken,SINCERA SN110,205,55,16,91,H,65.89
https://www.tirendo.fr/sonix-snowrover-966-205-55-r16-91h-r-535481.html,Sonix,Snowrover 966,205,55,16,91,H,65.89
https://www.tirendo.fr/maxxis-mecotra-3-205-55-r16-91h-r-389658.html,Maxxis,Mecotra 3,205,55,16,91,H,59.36
https://www.tirendo.fr/kormoran-all-season-205-55-r16-91v-r-427146.html,Kormoran,All Season,205,55,16,91,V,65.92
https://www.tirendo.fr/taurus-summer-3-205-55-r16-94w-r-525410.html,Taurus,Summer 3,205,55,16,94,W,65.98
https://www.tirendo.fr/product/Windforce/16/R-552173,Windforce,Snowmaster,205,55,16,91,H,65.98
https://www.tirendo.fr/debica-frigo-2-205-55-r16-91t-r-319645.html,Debica,Frigo 2,205,55,16,91,T,65.99
https://www.tirendo.fr/evergreen-eu728-205-55-r16-94w-r-345475.html,Evergreen,EU728,205,55,16,94,W,66.03
https://www.tirendo.fr/product/Kenda/16/R-549092,Kenda,Emera A1 KR41,205,55,16,94,W,66.03
https://www.tirendo.fr/landsail-winter-lander-205-55-r16-91t-r-365284.html,Landsail,Winter Lander,205,55,16,91,T,66.13
https://www.tirendo.fr/diamondback-reliaxtouring-de307-205-55-r16-91v-r-532729.html,Diamondback,ReliaXTouring DE307,205,55,16,91,V,66.13
https://www.tirendo.fr/minerva-all-season-master-205-55-r16-94v-r-394259.html,Minerva,All Season Master,205,55,16,94,V,66.17
https://www.tirendo.fr/sentury-seasonsdragon-2-205-55-r16-94v-r-501997.html,Sentury,Seasonsdragon 2,205,55,16,94,V,66.17
https://www.tirendo.fr/debica-presto-hp-2-205-55-r16-94v-r-420527.html,Debica,Presto HP 2,205,55,16,94,V,66.19
https://www.tirendo.fr/kumho-solus-4s-ha32--205-55-r16-94v-d-127876.html,Kumho,Solus 4S HA32+,205,55,16,94,V,66.23
https://www.tirendo.fr/milestone-mw01w-205-55-r16-91h-r-531614.html,Milestone,MW01W,205,55,16,91,H,52.41
https://www.tirendo.fr/nankang-sportnex-as-3-205-55-r16-94v-r-516960.html,Nankang,Sportnex AS-3,205,55,16,94,V,66.29
https://www.tirendo.fr/laufenn-s-fit-eq--lk01-205-55-r16-91w-d-123077.html,Laufenn,S Fit EQ+ LK01,205,55,16,91,W,66.36
https://www.tirendo.fr/optimo-winter-gt-ow31-205-55-r16-94h-r-522703.html,Optimo,Winter GT OW31,205,55,16,94,H,66.39
https://www.tirendo.fr/zmax-winterhawke-i-205-55-r16-91h-r-476459.html,Zmax,WinterHawke I,205,55,16,91,H,66.40
https://www.tirendo.fr/giti-winter-w2-205-55-r16-91h-r-528589.html,Giti,Winter W2,205,55,16,91,H,69.31
https://www.tirendo.fr/kenda-wintergen-2-kr501-205-55-r16-94h-r-533073.html,Kenda,Wintergen 2 KR501,205,55,16,94,H,66.44
https://www.tirendo.fr/product/Arisun/16/R-543838,Arisun,ZuperEco Z-107,205,55,16,91,V,66.47
https://www.tirendo.fr/novex-win-5d-205-55-r16-94v-r-532865.html,Novex,WIN 5D,205,55,16,94,V,66.51
https://www.tirendo.fr/prinx-xlab-comfort-ev-205-55-r16-94v-r-510908.html,Prinx,Xlab Comfort EV,205,55,16,94,V,66.53
https://www.tirendo.fr/taurus-winter-205-55-r16-91t-r-315584.html,Taurus,Winter,205,55,16,91,T,66.55
https://www.tirendo.fr/radar-dimax-sprint-205-55-r16-94v-r-522632.html,Radar,Dimax Sprint,205,55,16,94,V,66.57
https://www.tirendo.fr/taurus-winter-205-55-r16-94h-r-381738.html,Taurus,Winter,205,55,16,94,H,66.58
https://www.tirendo.fr/taurus-winter-205-55-r16-91h-r-444563.html,Taurus,Winter,205,55,16,91,H,66.58
https://www.tirendo.fr/nexen-n-blue-4-season-2-205-55-r16-94h-r-514721.html,Nexen,N blue 4 Season 2,205,55,16,94,H,66.58
https://www.tirendo.fr/sailun-ice-blazer-alpine-2-205-55-r16-94h-r-530167.html,Sailun,Ice Blazer Alpine 2,205,55,16,94,H,66.59
https://www.tirendo.fr/dynamo-street-h-mu71-205-55-r16-94y-r-511487.html,Dynamo,Street-H MU71,205,55,16,94,Y,66.66
https://www.tirendo.fr/giti-synergy-h2-205-55-r16-91w-r-529753.html,Giti,Synergy H2,205,55,16,91,W,66.66
https://www.tirendo.fr/superia-bluewin-uhp-205-55-r16-91h-r-310510.html,Superia,Bluewin UHP,205,55,16,91,H,70.61
https://www.tirendo.fr/delinte-wd1-205-55-r16-91h-r-415536.html,Delinte,WD1,205,55,16,91,H,66.71
https://www.tirendo.fr/sailun-atrezzo-4seasons-205-55-r16-94v-r-528884.html,Sailun,Atrezzo 4Seasons,205,55,16,94,V,104.98
https://www.tirendo.fr/ceat-4seasondrivex5-205-55-r16-94v-r-537826.html,Ceat,4SeasonDriveX5,205,55,16,94,V,63.99
https://www.tirendo.fr/linglong-greenmax-winter-hp-205-55-r16-94h-r-271445.html,Linglong,Greenmax Winter HP,205,55,16,94,H,66.87
https://www.tirendo.fr/kumho-ecowing-es31-205-55-r16-91h-r-444448.html,Kumho,EcoWing ES31,205,55,16,91,H,66.87
https://www.tirendo.fr/maxxis-premitra-snow-wp6-205-55-r16-94v-r-405840.html,Maxxis,Premitra Snow WP6,205,55,16,94,V,66.89
https://www.tirendo.fr/gt-radial-fe2-evo-205-55-r16-91w-r-539926.html,GT Radial,FE2 Evo,205,55,16,91,W,66.90
https://www.tirendo.fr/kumho-ecsta-hs52-205-55-r16-94v-r-473042.html,Kumho,Ecsta HS52,205,55,16,94,V,66.94
https://www.tirendo.fr/laufenn-s-fit-2-lk12-205-55-r16-91v-r-528690.html,Laufenn,S Fit 2 LK12,205,55,16,91,V,66.96
https://www.tirendo.fr/sailun-atrezzo-4seasons-205-55-r16-94v-r-531389.html,Sailun,Atrezzo 4Seasons,205,55,16,94,V,67.01
https://www.tirendo.fr/sailun-atrezzo-zsr2-205-55-r16-94y-r-537012.html,Sailun,Atrezzo ZSR2,205,55,16,94,Y,67.09
https://www.tirendo.fr/zmax-x-spider-a-s-205-55-r16-94v-r-497333.html,Zmax,X-Spider A/S,205,55,16,94,V,67.13
https://www.tirendo.fr/dunlop-all-season-2-205-55-r16-91v-r-501792.html,Dunlop,All Season 2,205,55,16,91,V,67.13
https://www.tirendo.fr/laufenn-i-fit--lw31-205-55-r16-91t-r-445909.html,Laufenn,I Fit+ LW31,205,55,16,91,T,67.14
https://www.tirendo.fr/sailun-atrezzo-4seasons-ultra-205-55-r16-91h-r-542214.html,Sailun,Atrezzo 4Seasons Ultra,205,55,16,91,H,67.14
https://www.tirendo.fr/cst-medallion-all-season-acp1-205-55-r16-94v-r-364838.html,CST,Medallion All Season ACP1,205,55,16,94,V,67.18
https://www.tirendo.fr/kenda-kr203-205-55-r16-91v-r-431806.html,Kenda,KR203,205,55,16,91,V,67.19
https://www.tirendo.fr/dynamo-street-h-m4s01-205-55-r16-94v-r-461892.html,Dynamo,Street-H M4S01,205,55,16,94,V,67.24
https://www.tirendo.fr/kenda-wintergen-2-kr501-205-55-r16-94h-r-541099.html,Kenda,Wintergen 2 KR501,205,55,16,94,H,67.29
https://www.tirendo.fr/neolin-neowinter-205-55-r16-91v-r-533126.html,Neolin,Neowinter,205,55,16,91,V,67.31
https://www.tirendo.fr/dunlop-sport-bluresponse-205-55-r16-91v-d-119921.html,Dunlop,Sport BluResponse,205,55,16,,,71.47
https://www.tirendo.fr/sailun-atrezzo-4seasons-205-55-r16-91h-r-541002.html,Sailun,Atrezzo 4Seasons,205,55,16,91,H,67.34
https://www.tirendo.fr/dunlop-blue-response-tg-205-55-r16-91v-d-146183.html,Dunlop,Blue Response TG,205,55,16,91,V,67.35
https://www.tirendo.fr/product/Giti/16/R-550199,Giti,GitiSynergy H2+,205,55,16,91,W,67.39
https://www.tirendo.fr/mirage-mr182-205-55-r16-94w-r-472305.html,Mirage,MR182,205,55,16,94,W,67.41
https://www.tirendo.fr/falken-euroall-season-as220-205-55-r16-91v-d-142617.html,Falken,EUROALL SEASON AS220,205,55,16,91,V,67.47
https://www.tirendo.fr/debica-navigator3-205-55-r16-94v-r-439459.html,Debica,Navigator3,205,55,16,94,V,67.60
https://www.tirendo.fr/neolin-neo4season-205-55-r16-91h-r-531374.html,Neolin,Neo4Season,205,55,16,91,H,67.67
https://www.tirendo.fr/viking-fourtech-plus-205-55-r16-94v-d-127900.html,Viking,FourTech Plus,205,55,16,94,V,67.73
https://www.tirendo.fr/fortune-fsr-901-205-55-r16-94h-r-411492.html,Fortune,FSR-901,205,55,16,94,H,67.79
https://www.tirendo.fr/kumho-ecsta-hs52-205-55-r16-94w-d-132273.html,Kumho,Ecsta HS52,205,55,16,94,W,67.88
https://www.tirendo.fr/tracmax-trac-saver-205-55-r16-91v-r-405267.html,Tracmax,Trac Saver,205,55,16,91,V,67.90
https://www.tirendo.fr/landsail-qirin-990-205-55-r16-91v-r-491485.html,Landsail,Qirin 990,205,55,16,91,V,67.96
https://www.tirendo.fr/kenda-kr202-205-55-r16-94v-r-431731.html,Kenda,KR202,205,55,16,94,V,67.97
https://www.tirendo.fr/cooper-summer-205-55-r16-91v-d-145321.html,Cooper,Summer,205,55,16,91,V,68.00
https://www.tirendo.fr/prinx-winter-excelia-205-55-r16-91h-r-500504.html,Prinx,Winter Excelia,205,55,16,91,H,68.04
https://www.tirendo.fr/platin-rp-330-summer-205-55-r16-91v-r-525195.html,Platin,RP 330 Summer,205,55,16,91,V,84.19
https://www.tirendo.fr/novex-win-5d-205-55-r16-91h-r-532864.html,Novex,WIN 5D,205,55,16,91,H,68.05
https://www.tirendo.fr/roadx-rxmotion-4s-205-55-r16-94v-r-415983.html,RoadX,Rxmotion 4S,205,55,16,94,V,68.07
https://www.tirendo.fr/tourador-x-4season-gen1-205-55-r16-91v-r-522197.html,Tourador,X 4season GEN1,205,55,16,91,V,68.09
https://www.tirendo.fr/firestone-roadhawk-2-205-55-r16-91v-r-512296.html,Firestone,Roadhawk 2,205,55,16,91,V,68.21
https://www.tirendo.fr/falken-ziex-ze320-205-55-r16-91v-r-508856.html,Falken,ZIEX ZE320,205,55,16,91,V,68.23
https://www.tirendo.fr/taurus-all-season-205-55-r16-91v-r-443422.html,Taurus,All Season,205,55,16,91,V,68.28
https://www.tirendo.fr/avon-zv7-205-55-r16-91v-d-124672.html,Avon,ZV7,205,55,16,91,V,65.63
https://www.tirendo.fr/fronway-fronwing-a-s-205-55-r16-91h-r-495194.html,Fronway,Fronwing A/S,205,55,16,91,H,68.32
https://www.tirendo.fr/nexen-n-blue-4-season-205-55-r16-91h-r-387939.html,Nexen,N blue 4 Season,205,55,16,91,H,65.82
https://www.tirendo.fr/sumitomo-bc100-205-55-r16-91h-r-422561.html,Sumitomo,BC100,205,55,16,91,H,68.36
https://www.tirendo.fr/goodride-sw608-205-55-r16-91h-r-283732.html,Goodride,SW608,205,55,16,91,H,68.40
https://www.tirendo.fr/momo-outrun-m-20-pro-205-55-r16-91h-r-506809.html,Momo,Outrun M-20 Pro,205,55,16,91,H,68.42
https://www.tirendo.fr/roadstone-eurovis-sport-4-205-55-r16-91h-r-327613.html,Roadstone,Eurovis Sport 4,205,55,16,91,H,68.43
https://www.tirendo.fr/sava-intensa-hp2-205-55-r16-94v-r-419183.html,Sava,Intensa HP2,205,55,16,94,V,68.50
https://www.tirendo.fr/gt-radial-champiro-fe2-205-55-r16-91v-r-447180.html,GT Radial,Champiro FE2,205,55,16,91,V,60.27
https://www.tirendo.fr/tracmax-trac-saver-205-55-r16-94v-r-403668.html,Tracmax,Trac Saver,205,55,16,94,V,68.54
https://www.tirendo.fr/yokohama-bluearth-es--es32--205-55-r16-91v-r-532038.html,Yokohama,BluEarth-ES (ES32),205,55,16,91,V,68.56
https://www.tirendo.fr/superia-bluewin-uhp-205-55-r16-94h-r-310513.html,Superia,Bluewin UHP,205,55,16,94,H,68.59
https://www.tirendo.fr/linglong-sport-master-winter-205-55-r16-94v-r-528288.html,Linglong,Sport Master Winter,205,55,16,94,V,65.69
https://www.tirendo.fr/giti-synergy-h2-205-55-r16-94v-r-491228.html,Giti,Synergy H2,205,55,16,94,V,68.64
https://www.tirendo.fr/sentury-seasonsdragon-2-205-55-r16-91v-r-502107.html,Sentury,Seasonsdragon 2,205,55,16,91,V,90.46
https://www.tirendo.fr/laufenn-g-fit-4s-lh71-205-55-r16-94v-d-124200.html,Laufenn,G Fit 4S LH71,205,55,16,94,V,75.42
https://www.tirendo.fr/product/Fronway/16/R-550810,Fronway,Ecogreen 55,205,55,16,91,V,68.65
https://www.tirendo.fr/taurus-all-season-205-55-r16-94v-r-404251.html,Taurus,All Season,205,55,16,94,V,68.67
https://www.tirendo.fr/mabor-sport-jet-5-205-55-r16-91v-r-521017.html,Mabor,Sport-Jet 5,205,55,16,91,V,68.78
https://www.tirendo.fr/taurus-all-season-205-55-r16-91h-r-434957.html,Taurus,All Season,205,55,16,91,H,68.81
https://www.tirendo.fr/kumho-solus-4s-ha32-205-55-r16-91h-r-495119.html,Kumho,Solus 4S HA32,205,55,16,91,H,68.81
https://www.tirendo.fr/fulda-ecocontrol-hp-2-205-55-r16-91w-r-348980.html,Fulda,EcoControl HP 2,205,55,16,91,W,68.89
https://www.tirendo.fr/hankook-ventus-prime-4-k135-205-55-r16-91h-d-125718.html,Hankook,Ventus Prime 4 K135,205,55,16,91,H,67.54
https://www.tirendo.fr/sava-all-weather-205-55-r16-94v-r-439395.html,Sava,All Weather,205,55,16,94,V,68.99
https://www.tirendo.fr/winrun-winter-max--a1-wr22-205-55-r16-91h-d-127048.html,Winrun,Winter-maX  A1 WR22,205,55,16,91,H,67.55
https://www.tirendo.fr/matador-hectorra-5-205-55-r16-91v-d-129231.html,Matador,Hectorra 5,205,55,16,91,V,69.02
https://www.tirendo.fr/product/Triangle/16/R-549166,Triangle,EffeX Winter TW421,205,55,16,94,V,69.03
https://www.tirendo.fr/double-star-dh08-205-55-r16-91v-d-132779.html,Double Star,DH08,205,55,16,91,V,69.05
https://www.tirendo.fr/grenlander-winter-gl868-205-55-r16-91h-r-437782.html,Grenlander,Winter GL868,205,55,16,91,H,58.16
https://www.tirendo.fr/product/Falken/16/R-540140,Falken,EUROALL SEASON AS210,205,55,16,91,H,69.08
https://www.tirendo.fr/nexen-n-blue-hd-plus-205-55-r16-91v-r-442266.html,Nexen,N blue HD Plus,205,55,16,91,V,69.10
https://www.tirendo.fr/leao-nova-force-hp100-205-55-r16-91v-r-441116.html,Leao,Nova Force HP100,205,55,16,91,V,69.11
https://www.tirendo.fr/westlake-sa37-sport-205-55-r16-94w-r-521027.html,Westlake,SA37 Sport,205,55,16,94,W,69.11
https://www.tirendo.fr/laufenn-s-fit-eq--lk01-205-55-r16-94v-d-123078.html,Laufenn,S Fit EQ+ LK01,205,55,16,94,V,69.13
https://www.tirendo.fr/kumho-ecsta-hs52-205-55-r16-91w-d-132275.html,Kumho,Ecsta HS52,205,55,16,91,W,69.16
https://www.tirendo.fr/momo-outrun-m-20-pro-205-55-r16-91v-r-506808.html,Momo,Outrun M-20 Pro,205,55,16,91,V,69.16
https://www.tirendo.fr/marshal-matrac-mu12-205-55-r16-91w-r-391757.html,Marshal,Matrac MU12,205,55,16,91,W,69.19
https://www.tirendo.fr/nexen-n-blue-s-205-55-r16-91h-d-138859.html,Nexen,N blue S,205,55,16,91,H,69.28
https://www.tirendo.fr/product/Arisun/16/R-544099,Arisun,All Season Elite Z-401,205,55,16,94,V,69.28
https://www.tirendo.fr/marshal-mh15-205-55-r16-91v-r-463124.html,Marshal,MH15,205,55,16,91,V,69.31
https://www.tirendo.fr/kormoran-road-performance-205-55-r16-91w-r-449407.html,Kormoran,Road Performance,205,55,16,91,W,69.34
https://www.tirendo.fr/toyo-proxes-comfort-205-55-r16-91h-r-460348.html,Toyo,Proxes Comfort,205,55,16,91,H,69.35
https://www.tirendo.fr/apollo-alnac-4g-all-season-205-55-r16-91v-r-281500.html,Apollo,Alnac 4G All Season,205,55,16,91,V,69.38
https://www.tirendo.fr/fulda-multicontrol-205-55-r16-94v-r-320366.html,Fulda,MultiControl,205,55,16,94,V,69.40
https://www.tirendo.fr/westlake-sa57-205-55-r16-94w-r-519292.html,Westlake,SA57,205,55,16,94,W,69.41
https://www.tirendo.fr/dunlop-sport-bluresponse-205-55-r16-91w-r-231972.html,Dunlop,Sport BluResponse,205,55,16,91,W,69.44
https://www.tirendo.fr/viking-protech-newgen-205-55-r16-94v-r-387341.html,Viking,ProTech NewGen,205,55,16,94,V,69.47
https://www.tirendo.fr/sumitomo-bc100-205-55-r16-91v-r-349954.html,Sumitomo,BC100,205,55,16,91,V,69.49
https://www.tirendo.fr/toyo-proxes-comfort-205-55-r16-91h-r-484745.html,Toyo,Proxes Comfort,205,55,16,91,H,69.49
https://www.tirendo.fr/chengshan-csc-801-205-55-r16-94v-r-471031.html,Chengshan,CSC-801,205,55,16,94,V,69.51
https://www.tirendo.fr/kleber-dynaxer-hp-5-205-55-r16-91h-d-145692.html,Kleber,Dynaxer HP 5,205,55,16,91,H,69.54
https://www.tirendo.fr/yokohama-bluearth-es--es32--205-55-r16-91v-r-340218.html,Yokohama,BluEarth-ES (ES32),205,55,16,91,V,61.91
https://www.tirendo.fr/nexen-winguard-snowg-3-205-55-r16-91h-r-399486.html,Nexen,Winguard SnowG 3,205,55,16,91,H,69.55
https://www.tirendo.fr/toyo-proxes-comfort-205-55-r16-91v-r-460349.html,Toyo,Proxes Comfort,205,55,16,91,V,69.56
https://www.tirendo.fr/product/Roadstone/16/R-244401,Roadstone,N Fera SU1,205,55,16,94,W,69.61
https://www.tirendo.fr/maxtrek-trek-m8-205-55-r16-91h-r-476685.html,Maxtrek,Trek M8,205,55,16,91,H,69.62
https://www.tirendo.fr/nexen-n-fera-primus-205-55-r16-94w-r-388029.html,Nexen,N Fera Primus,205,55,16,94,W,69.68
https://www.tirendo.fr/semperit-speed-life-3-205-55-r16-91h-r-400555.html,Semperit,Speed-Life 3,205,55,16,91,H,69.73
https://www.tirendo.fr/yokohama-c.-drive-2-ac02a-205-55-r16-91h-r-219131.html,Yokohama,c. drive 2 AC02A,205,55,16,91,H,69.76
https://www.tirendo.fr/cooper-zeon-cs8-205-55-r16-91w-r-303699.html,Cooper,Zeon CS8,205,55,16,91,W,69.76
https://www.tirendo.fr/laufenn-i-fit--lw31-205-55-r16-91t-d-123821.html,Laufenn,I Fit+ LW31,205,55,16,91,T,65.25
https://www.tirendo.fr/sunfull-sf-688-205-55-r16-91v-r-361575.html,Sunfull,SF-688,205,55,16,91,V,69.79
https://www.tirendo.fr/nokian-wetproof-1-205-55-r16-91v-d-132720.html,Nokian,Wetproof 1,205,55,16,91,V,69.65
https://www.tirendo.fr/barum-bravuris-6-205-55-r16-91v-r-515191.html,Barum,Bravuris 6,205,55,16,91,V,69.83
https://www.tirendo.fr/goodride-sport-sa-37-205-55-r16-91v-r-257683.html,Goodride,Sport SA-37,205,55,16,91,V,69.86
https://www.tirendo.fr/falken-sincera-sn832b-205-55-r16-91v-r-399626.html,Falken,SINCERA SN832B,205,55,16,91,V,69.86
https://www.tirendo.fr/nexen-n-blue-4-season-2-205-55-r16-94v-d-132097.html,Nexen,N blue 4 Season 2,205,55,16,94,V,70.00
https://www.tirendo.fr/wanli-sc501-205-55-r16-94v-r-546844.html,Wanli,SC501,205,55,16,94,V,70.05
https://www.tirendo.fr/giti-gitiallseason-as2-205-55-r16-94v-r-519426.html,Giti,GitiAllSeason AS2,205,55,16,94,V,70.11
https://www.tirendo.fr/dunlop-sport-bluresponse-205-55-r16-91v-r-231971.html,Dunlop,Sport BluResponse,205,55,16,91,V,69.75
https://www.tirendo.fr/minerva-all-season-master-205-55-r16-91v-r-394251.html,Minerva,All Season Master,205,55,16,91,V,70.13
https://www.tirendo.fr/firestone-roadhawk-2-205-55-r16-91h-r-506489.html,Firestone,Roadhawk 2,205,55,16,91,H,70.14
https://www.tirendo.fr/sailun-atrezzo-4seasons-ev-205-55-r16-94v-r-528875.html,Sailun,Atrezzo 4Seasons Ev,205,55,16,94,V,70.17
https://www.tirendo.fr/ceat-winterdrive-205-55-r16-94v-r-454730.html,Ceat,WinterDrive,205,55,16,94,V,70.19
https://www.tirendo.fr/sunny-nw312-205-55-r16-91s-r-387338.html,Sunny,NW312,205,55,16,91,S,70.20
https://www.tirendo.fr/minerva-frostrack-hp-205-55-r16-91h-r-331640.html,Minerva,Frostrack HP,205,55,16,91,H,61.88
https://www.tirendo.fr/kenda-wintergen-2-kr501-205-55-r16-91t-r-354407.html,Kenda,Wintergen 2 KR501,205,55,16,91,T,70.26
https://www.tirendo.fr/austone-sp401-205-55-r16-94v-r-434945.html,AUSTONE,SP401,205,55,16,94,V,70.28
https://www.tirendo.fr/kormoran-snow-205-55-r16-91t-r-449413.html,Kormoran,Snow,205,55,16,91,T,70.28
https://www.tirendo.fr/atlas-green-hp-205-55-r16-94v-r-509525.html,Atlas,Green HP,205,55,16,94,V,56.62
https://www.tirendo.fr/roadstone-eurovis-sport-4-205-55-r16-91v-r-309895.html,Roadstone,Eurovis Sport 4,205,55,16,91,V,50.86
https://www.tirendo.fr/toyo-proxes-comfort-205-55-r16-94v-r-484746.html,Toyo,Proxes Comfort,205,55,16,94,V,70.49
https://www.tirendo.fr/kormoran-snow-205-55-r16-91h-r-425667.html,Kormoran,Snow,205,55,16,91,H,70.52
https://www.tirendo.fr/fortuna-gowin-uhp-205-55-r16-91v-r-437874.html,Fortuna,Gowin UHP,205,55,16,91,V,70.53
https://www.tirendo.fr/crosswind-grip-peak-winter-205-55-r16-94v-r-526622.html,Crosswind,Grip Peak Winter,205,55,16,94,V,70.54
https://www.tirendo.fr/uniroyal-rainsport-5-205-55-r16-91h-r-400520.html,Uniroyal,RainSport 5,205,55,16,91,H,70.57
https://www.tirendo.fr/nexen-n-blue-hd-plus-205-55-r16-91v-r-436636.html,Nexen,N blue HD Plus,205,55,16,91,V,70.59
https://www.tirendo.fr/debica-frigo-hp2-205-55-r16-91h-r-462549.html,Debica,Frigo HP2,205,55,16,91,H,70.60
https://www.tirendo.fr/prinx-winter-excelia-205-55-r16-94v-r-500505.html,Prinx,Winter Excelia,205,55,16,94,V,70.63
https://www.tirendo.fr/nankang-noble-sport-ns-20-205-55-r16-94v-r-436506.html,Nankang,Noble Sport NS-20,205,55,16,94,V,54.45
https://www.tirendo.fr/dunlop-all-season-2-205-55-r16-94v-r-501746.html,Dunlop,All Season 2,205,55,16,94,V,70.73
https://www.tirendo.fr/laufenn-i-fit--lw31-205-55-r16-91h-d-123823.html,Laufenn,I Fit+ LW31,205,55,16,91,H,70.76
https://www.tirendo.fr/semperit-speed-life-3-205-55-r16-91w-r-400559.html,Semperit,Speed-Life 3,205,55,16,91,W,68.97
https://www.tirendo.fr/autogreen-snow-chaser-2-aw08-205-55-r16-91h-r-497914.html,Autogreen,Snow Chaser 2 AW08,205,55,16,91,H,70.78
https://www.tirendo.fr/duraturn-mozzo-winter-205-55-r16-91h-r-498684.html,Duraturn,Mozzo Winter,205,55,16,91,H,70.78
https://www.tirendo.fr/nokian-seasonproof-1-205-55-r16-91v-r-499233.html,Nokian,Seasonproof 1,205,55,16,91,V,70.78
https://www.tirendo.fr/sava-eskimo-s3--205-55-r16-91t-r-319557.html,Sava,Eskimo S3+,205,55,16,91,T,70.79
https://www.tirendo.fr/lanvigator-icelandmax-205-55-r16-91s-r-515545.html,Lanvigator,Icelandmax,205,55,16,91,S,70.82
https://www.tirendo.fr/milestone-ma01-205-55-r16-91v-r-532745.html,Milestone,MA01,205,55,16,91,V,70.83
https://www.tirendo.fr/matador-hectorra-5-205-55-r16-91h-d-129230.html,Matador,Hectorra 5,205,55,16,91,H,70.85
https://www.tirendo.fr/leao-i-green-allseason-205-55-r16-91v-r-390637.html,Leao,I-Green Allseason,205,55,16,91,V,70.91
https://www.tirendo.fr/vredestein-ultrac--205-55-r16-91h-d-139794.html,Vredestein,Ultrac+,205,55,16,91,H,70.32
https://www.tirendo.fr/laufenn-s-fit-2-lk12-205-55-r16-94v-r-531679.html,Laufenn,S Fit 2 LK12,205,55,16,94,V,70.94
https://www.tirendo.fr/toyo-proxes-comfort-205-55-r16-91v-d-132045.html,Toyo,Proxes Comfort,205,55,16,91,V,70.98
https://www.tirendo.fr/vredestein-quatrac-205-55-r16-91h-r-435900.html,Vredestein,Quatrac,205,55,16,91,H,70.99
https://www.tirendo.fr/toyo-celsius-as2-205-55-r16-91h-d-132000.html,Toyo,Celsius AS2,205,55,16,91,H,71.02
https://www.tirendo.fr/apollo-aspire-4g--205-55-r16-94w-r-463272.html,Apollo,Aspire 4G+,205,55,16,94,W,71.08
https://www.tirendo.fr/cst-medallion-md-a7-205-55-r16-91v-r-505399.html,CST,Medallion MD-A7,205,55,16,91,V,71.08
https://www.tirendo.fr/grenlander-icehawke-i-205-55-r16-91h-r-462825.html,Grenlander,Icehawke I,205,55,16,91,H,96.16
https://www.tirendo.fr/trazano-sw608-205-55-r16-91h-r-273223.html,Trazano,SW608,205,55,16,91,H,71.19
https://www.tirendo.fr/yokohama-bluearth-4s-aw21-205-55-r16-91v-r-374920.html,Yokohama,BluEarth-4S AW21,205,55,16,91,V,71.20
https://www.tirendo.fr/kumho-ecsta-hs52-205-55-r16-94v-d-132274.html,Kumho,Ecsta HS52,205,55,16,94,V,71.23
https://www.tirendo.fr/sava-eskimo-hp2-205-55-r16-91h-r-319559.html,Sava,Eskimo HP2,205,55,16,91,H,71.29
https://www.tirendo.fr/firestone-multiseason-2-205-55-r16-94v-r-393418.html,Firestone,Multiseason 2,205,55,16,94,V,71.29
https://www.tirendo.fr/yokohama-bluearth-gt--ae51--205-55-r16-91v-r-405075.html,Yokohama,BluEarth-GT (AE51),205,55,16,91,V,71.30
https://www.tirendo.fr/product/Ilink/16/R-552217,Ilink,L-Grip 55,205,55,16,94,W,71.33
https://www.tirendo.fr/apollo-alnac-4g-all-season-205-55-r16-91h-r-281499.html,Apollo,Alnac 4G All Season,205,55,16,91,H,71.36
https://www.tirendo.fr/barum-polaris-6-205-55-r16-91t-r-496071.html,Barum,Polaris 6,205,55,16,91,T,71.39
https://www.tirendo.fr/hankook-ventus-prime-4-k135-205-55-r16-91h-d-125717.html,Hankook,Ventus Prime 4 K135,205,55,16,91,H,71.44
https://www.tirendo.fr/sailun-atrezzo-4seasons-205-55-r16-91h-r-528898.html,Sailun,Atrezzo 4Seasons,205,55,16,91,H,71.46
https://www.tirendo.fr/gt-radial-winterpro2-205-55-r16-91h-r-528852.html,GT Radial,WinterPro2,205,55,16,91,H,57.72
https://www.tirendo.fr/tristar-snowpower-uhp-205-55-r16-91h-r-352468.html,Tristar,Snowpower UHP,205,55,16,91,H,71.55
https://www.tirendo.fr/nexen-winguard-snowg-3-205-55-r16-91t-r-399483.html,Nexen,Winguard SnowG 3,205,55,16,91,T,72.29
https://www.tirendo.fr/radar-dimax-alpine-205-55-r16-94h-r-410585.html,Radar,Dimax Alpine,205,55,16,94,H,59.74
https://www.tirendo.fr/ceat-4-seasondrive--205-55-r16-94v-r-500257.html,Ceat,4 SeasonDrive+,205,55,16,94,V,71.75
https://www.tirendo.fr/falken-sincera-sn110-205-55-r16-94h-r-470402.html,Falken,SINCERA SN110,205,55,16,94,H,71.81
https://www.tirendo.fr/momo-north-pole-w-20-205-55-r16-94v-r-515410.html,Momo,North Pole W-20,205,55,16,94,V,71.82
https://www.tirendo.fr/kenda-wintergen-2-kr501-205-55-r16-94h-r-357538.html,Kenda,Wintergen 2 KR501,205,55,16,94,H,71.83
https://www.tirendo.fr/falken-euroall-season-as220-205-55-r16-94v-d-142618.html,Falken,EUROALL SEASON AS220,205,55,16,94,V,71.89
https://www.tirendo.fr/falken-ziex-ze320-205-55-r16-94v-r-514644.html,Falken,ZIEX ZE320,205,55,16,94,V,81.06
https://www.tirendo.fr/uniroyal-allseasonexpert-3-205-55-r16-94v-d-139636.html,Uniroyal,AllSeasonExpert 3,205,55,16,94,V,70.90
https://www.tirendo.fr/hankook-kinergy-eco-2-k435-205-55-r16-91v-r-407644.html,Hankook,Kinergy Eco 2 K435,205,55,16,91,V,71.96
https://www.tirendo.fr/landsail-seasons-dragon-2-205-55-r16-91h-r-500588.html,Landsail,Seasons Dragon 2,205,55,16,91,H,71.97
https://www.tirendo.fr/cst-medallion-winter-wcp1-205-55-r16-91h-r-376508.html,CST,Medallion Winter WCP1,205,55,16,91,H,67.17
https://www.tirendo.fr/giti-winter-w2-205-55-r16-91t-r-528391.html,Giti,Winter W2,205,55,16,91,T,72.02
https://www.tirendo.fr/falken-sincera-sn110-205-55-r16-94h-d-122957.html,Falken,SINCERA SN110,205,55,16,94,H,72.06
https://www.tirendo.fr/product/Fortune/16/R-549209,Fortune,FSR401,205,55,16,94,V,72.10
https://www.tirendo.fr/momo-toprun-m300-as-sport-205-55-r16-94v-r-481089.html,Momo,Toprun M300 AS Sport,205,55,16,94,V,72.14
https://www.tirendo.fr/mirage-w562-205-55-r16-91h-r-364108.html,Mirage,W562,205,55,16,91,H,72.28
https://www.tirendo.fr/uniroyal-rainsport-5-205-55-r16-91v-r-400521.html,Uniroyal,RainSport 5,205,55,16,91,V,72.28
https://www.tirendo.fr/semperit-speed-life-3-205-55-r16-94v-r-400558.html,Semperit,Speed-Life 3,205,55,16,94,V,72.29
https://www.tirendo.fr/vredestein-ultrac--205-55-r16-91v-d-139795.html,Vredestein,Ultrac+,205,55,16,91,V,72.35
https://www.tirendo.fr/torque-tq023-205-55-r16-94h-r-449954.html,Torque,TQ023,205,55,16,94,H,72.48
https://www.tirendo.fr/bf-goodrich-advantage-205-55-r16-91h-r-461343.html,BF Goodrich,Advantage,205,55,16,91,H,67.66
https://www.tirendo.fr/kenda-kr210-205-55-r16-91w-d-104847.html,Kenda,KR210,205,55,16,91,W,68.08
https://www.tirendo.fr/product/Barum/16/D-144986,Barum,Quartaris 6,205,55,16,91,H,72.53
https://www.tirendo.fr/marshal-mh15-205-55-r16-94w-r-482848.html,Marshal,MH15,205,55,16,94,W,72.53
https://www.tirendo.fr/kleber-dynaxer-hp-5-205-55-r16-91v-d-145690.html,Kleber,Dynaxer HP 5,205,55,16,91,V,72.63
https://www.tirendo.fr/bf-goodrich-advantage-205-55-r16-91v-r-461344.html,BF Goodrich,Advantage,205,55,16,91,V,69.77
https://www.tirendo.fr/avon-zv7-205-55-r16-94w-d-124671.html,Avon,ZV7,205,55,16,94,W,67.89
https://www.tirendo.fr/trazano-zupereco-z-107-205-55-r16-91v-r-415025.html,Trazano,ZuperEco Z-107,205,55,16,91,V,72.66
https://www.tirendo.fr/product/Milestone/16/R-552355,Milestone,MZ01,205,55,16,94,V,72.66
https://www.tirendo.fr/toyo-proxes-comfort-205-55-r16-94v-r-460350.html,Toyo,Proxes Comfort,205,55,16,94,V,72.72
https://www.tirendo.fr/kumho-ecsta-hs52-205-55-r16-91v-r-543061.html,Kumho,Ecsta HS52,205,55,16,91,V,72.73
https://www.tirendo.fr/kormoran-all-season-205-55-r16-91h-r-428596.html,Kormoran,All Season,205,55,16,91,H,72.75
https://www.tirendo.fr/cooper-zeon-cs8-205-55-r16-91v-r-490292.html,Cooper,Zeon CS8,205,55,16,91,V,98.81
https://www.tirendo.fr/diamondback-seasonx-da01-205-55-r16-94v-r-510130.html,Diamondback,SeasonX DA01,205,55,16,94,V,72.84
https://www.tirendo.fr/radar-dimax-all-season-205-55-r16-91v-r-524475.html,Radar,Dimax All Season,205,55,16,91,V,58.84
https://www.tirendo.fr/product/Barum/16/D-144987,Barum,Quartaris 6,205,55,16,94,V,72.90
https://www.tirendo.fr/laufenn-g-fit-4s-lh71-205-55-r16-91h-d-130765.html,Laufenn,G Fit 4S LH71,205,55,16,91,H,72.91
https://www.tirendo.fr/fulda-ecocontrol-hp-2-205-55-r16-94v-r-348981.html,Fulda,EcoControl HP 2,205,55,16,94,V,73.00
https://www.tirendo.fr/apollo-aspire-4g--205-55-r16-91w-d-136289.html,Apollo,Aspire 4G+,205,55,16,91,W,73.03
https://www.tirendo.fr/kormoran-all-season-205-55-r16-94v-r-392499.html,Kormoran,All Season,205,55,16,94,V,73.08
https://www.tirendo.fr/laufenn-s-fit-eq--lk01-205-55-r16-91h-r-438350.html,Laufenn,S Fit EQ+ LK01,205,55,16,91,H,73.22
https://www.tirendo.fr/laufenn-s-fit-eq--lk01-205-55-r16-91v-d-125874.html,Laufenn,S Fit EQ+ LK01,205,55,16,91,V,60.07
https://www.tirendo.fr/sunfull-sf-982-205-55-r16-91h-r-410698.html,Sunfull,SF-982,205,55,16,91,H,73.39
https://www.tirendo.fr/product/Landspider/16/R-527053,Landspider,Eurotraxx A/S,205,55,16,94,V,73.42
https://www.tirendo.fr/product/Kenda/16/R-551163,Kenda,Wintergen 2 KR501,205,55,16,91,T,73.48
https://www.tirendo.fr/yokohama-c.-drive-2-ac02a-205-55-r16-91v-r-219133.html,Yokohama,c. drive 2 AC02A,205,55,16,91,V,84.04
https://www.tirendo.fr/falken-ziex-ze310a-ecorun-205-55-r16-94v-r-435605.html,Falken,ZIEX ZE310A ECORUN,205,55,16,94,V,73.57
https://www.tirendo.fr/bf-goodrich-advantage-2-205-55-r16-91v-d-146853.html,BF Goodrich,Advantage 2,205,55,16,91,V,73.59
https://www.tirendo.fr/kormoran-road-performance-205-55-r16-94v-r-392512.html,Kormoran,Road Performance,205,55,16,94,V,73.60
https://www.tirendo.fr/toyo-celsius-as2-205-55-r16-91h-d-124960.html,Toyo,Celsius AS2,205,55,16,91,H,78.29
https://www.tirendo.fr/riken-snow-205-55-r16-91h-r-444900.html,Riken,Snow,205,55,16,91,H,67.95
https://www.tirendo.fr/powertrac-ice-xpro-205-55-r16-91s-r-463150.html,PowerTrac,Ice Xpro,205,55,16,91,S,73.67
https://www.tirendo.fr/antares-lumi-001-205-55-r16-91h-r-513943.html,Antares,LUMI 001,205,55,16,91,H,73.67
https://www.tirendo.fr/kenda-kr210-205-55-r16-94v-r-451120.html,Kenda,KR210,205,55,16,94,V,73.71
https://www.tirendo.fr/neolin-neosport-205-55-r16-91w-r-521295.html,Neolin,Neosport,205,55,16,91,W,73.71
https://www.tirendo.fr/product/Milever/16/D-153808,Milever,Winter Max-A1 MW255,205,55,16,91,H,40.59
https://www.tirendo.fr/vittos-vsp07-205-55-r16-91v-r-470323.html,Vittos,VSP07,205,55,16,91,V,73.79
https://www.tirendo.fr/yokohama-bluearth-winter--v906--205-55-r16-91h-r-520350.html,Yokohama,BluEarth-Winter (V906A),205,55,16,91,H,73.91
https://www.tirendo.fr/bf-goodrich-advantage-2-205-55-r16-91h-d-146852.html,BF Goodrich,Advantage 2,205,55,16,91,H,73.94
https://www.tirendo.fr/kumho-wintercraft-wp52--205-55-r16-91t-d-141780.html,Kumho,WinterCraft WP52+,205,55,16,91,T,74.10
https://www.tirendo.fr/prinx-quattura-4s--205-55-r16-91v-r-517667.html,Prinx,Quattura 4S+,205,55,16,91,V,74.12
https://www.tirendo.fr/falken-eurowinter-hs02-205-55-r16-91h-d-129153.html,Falken,EUROWINTER HS02,205,55,16,91,H,74.13
https://www.tirendo.fr/viking-wintech-newgen-205-55-r16-91h-r-496029.html,Viking,WinTech NewGen,205,55,16,91,H,74.16
https://www.tirendo.fr/evergreen-ea719-205-55-r16-94v-r-375568.html,Evergreen,EA719,205,55,16,94,V,74.18
https://www.tirendo.fr/dunlop-blue-response-tg-205-55-r16-91h-d-146182.html,Dunlop,Blue Response TG,205,55,16,91,H,74.22
https://www.tirendo.fr/dunlop-winter-205-55-r16-91h-d-141413.html,Dunlop,Winter,205,55,16,91,H,74.27
https://www.tirendo.fr/dynamo-street-h-mh01-205-55-r16-94v-r-469751.html,Dynamo,Street-H MH01,205,55,16,94,V,74.27
https://www.tirendo.fr/kleber-dynaxer-hp-5-205-55-r16-91w-d-145691.html,Kleber,Dynaxer HP 5,205,55,16,91,W,84.61
https://www.tirendo.fr/maxxis-premitra-all-season-ap3-205-55-r16-94v-r-446425.html,Maxxis,Premitra All Season AP3,205,55,16,94,V,74.33
https://www.tirendo.fr/product/Radar/16/R-549178,Radar,Dimax Sprint,205,55,16,94,V,74.34
https://www.tirendo.fr/avon-zv7-205-55-r16-94v-r-305135.html,Avon,ZV7,205,55,16,94,V,74.35
https://www.tirendo.fr/uniroyal-rainsport-5-205-55-r16-94v-r-400522.html,Uniroyal,RainSport 5,205,55,16,94,V,74.39
https://www.tirendo.fr/nankang-cross-seasons-aw-6-205-55-r16-94v-r-350439.html,Nankang,Cross Seasons AW-6,205,55,16,94,V,74.41
https://www.tirendo.fr/nexen-winguard-sport-2-205-55-r16-91h-r-399534.html,Nexen,Winguard Sport 2,205,55,16,91,H,74.41
https://www.tirendo.fr/momo-toprun-m-30-europa-205-55-r16-94v-r-357248.html,Momo,Toprun M-30 Europa,205,55,16,94,V,74.44
https://www.tirendo.fr/riken-snow-205-55-r16-91t-r-382546.html,Riken,Snow,205,55,16,91,T,74.44
https://www.tirendo.fr/yokohama-advan-fleva-v701-205-55-r16-91w-r-331411.html,Yokohama,Advan Fleva V701,205,55,16,91,W,74.45
https://www.tirendo.fr/cooper-summer-205-55-r16-91w-d-145320.html,Cooper,Summer,205,55,16,91,W,74.50
https://www.tirendo.fr/kumho-ecsta-ps71-ev-205-55-r16-91v-d-127779.html,Kumho,Ecsta PS71 EV,205,55,16,91,V,74.57
https://www.tirendo.fr/toyo-observe-winter-sport-1-205-55-r16-91h-d-142108.html,Toyo,Observe Winter Sport 1,205,55,16,91,H,74.58
https://www.tirendo.fr/falken-sincera-sn110-205-55-r16-91h-d-122958.html,Falken,SINCERA SN110,205,55,16,91,H,74.61
https://www.tirendo.fr/nexen-winguard-sport-3-205-55-r16-91h-d-141303.html,Nexen,Winguard Sport 3,205,55,16,91,H,74.66
https://www.tirendo.fr/kormoran-snow-205-55-r16-94h-r-439239.html,Kormoran,Snow,205,55,16,94,H,83.90
https://www.tirendo.fr/momo-toprun-m-30-europa-205-55-r16-94w-r-357245.html,Momo,Toprun M-30 Europa,205,55,16,94,W,74.75
https://www.tirendo.fr/aplus-as-909-205-55-r16-94w-r-502600.html,APlus,AS 909,205,55,16,94,W,74.78
https://www.tirendo.fr/giti-synergy-h2-205-55-r16-91w-r-482923.html,Giti,Synergy H2,205,55,16,91,W,74.79
https://www.tirendo.fr/antares-polymax-4s-205-55-r16-91v-r-517331.html,Antares,Polymax 4S,205,55,16,91,V,74.83
https://www.tirendo.fr/kumho-wintercraft-wp52--205-55-r16-91h-d-141778.html,Kumho,WinterCraft WP52+,205,55,16,91,H,74.85
https://www.tirendo.fr/riken-all-season-205-55-r16-91h-r-444261.html,Riken,All Season,205,55,16,91,H,74.87
https://www.tirendo.fr/product/Laufenn/16/R-531677,Laufenn,S Fit 2 LK12,205,55,16,91,W,74.87
https://www.tirendo.fr/fulda-kristall-control-hp2-205-55-r16-91h-r-319421.html,Fulda,Kristall Control HP2,205,55,16,91,H,74.99
https://www.tirendo.fr/cooper-all-season-205-55-r16-91v-d-145176.html,Cooper,All Season,205,55,16,91,V,75.00
https://www.tirendo.fr/delmax-x-weather-ii-4s-205-55-r16-91v-r-526007.html,Delmax,X-Weather II 4S,205,55,16,91,V,40.54
https://www.tirendo.fr/zeetex-wh1000-205-55-r16-91h-r-363912.html,Zeetex,WH1000,205,55,16,91,H,75.06
https://www.tirendo.fr/toyo-proxes-comfort-205-55-r16-91h-r-437846.html,Toyo,Proxes Comfort,205,55,16,91,H,75.10
https://www.tirendo.fr/hankook-winter-i-cept-rs3--w462--205-55-r16-91h-r-449112.html,Hankook,Winter i*cept RS3 (W462),205,55,16,91,H,75.16
https://www.tirendo.fr/hankook-ventus-prime-4-k135-205-55-r16-91v-r-453992.html,Hankook,Ventus Prime 4 K135,205,55,16,91,V,75.17
https://www.tirendo.fr/toyo-celsius-as2-205-55-r16-94v-d-132001.html,Toyo,Celsius AS2,205,55,16,94,V,76.44
https://www.tirendo.fr/momo-m-4-fourseason-205-55-r16-94v-r-394525.html,Momo,M-4 FourSeason,205,55,16,94,V,75.23
https://www.tirendo.fr/laufenn-i-fit--lw31-205-55-r16-94h-d-123822.html,Laufenn,I Fit+ LW31,205,55,16,94,H,75.24
https://www.tirendo.fr/ovation-vi-782-as-205-55-r16-94v-r-312836.html,Ovation,VI-782 AS,205,55,16,94,V,75.32
https://www.tirendo.fr/radar-dimax-alpine-205-55-r16-91h-r-405175.html,Radar,Dimax Alpine,205,55,16,91,H,75.36
https://www.tirendo.fr/hankook-ventus-prime-3-k125-205-55-r16-94h-r-407547.html,Hankook,Ventus Prime 3 K125,205,55,16,94,H,66.95
https://www.tirendo.fr/riken-summer-3-205-55-r16-91h-r-525595.html,Riken,Summer 3,205,55,16,91,H,75.38
https://www.tirendo.fr/product/Dovroad/16/R-530451,Dovroad,Zyphira WR03,205,55,16,91,H,75.38
https://www.tirendo.fr/radar-rpx800-205-55-r16-94v-r-402988.html,Radar,RPX800,205,55,16,94,V,75.39
https://www.tirendo.fr/petlas-imperium-pt515-205-55-r16-91v-r-201224.html,Petlas,Imperium PT515,205,55,16,91,V,75.44
https://www.tirendo.fr/firemax-fm601-205-55-r16-91v-r-353298.html,Firemax,FM601,205,55,16,91,V,75.44
https://www.tirendo.fr/riken-summer-3-205-55-r16-91v-r-526107.html,Riken,Summer 3,205,55,16,91,V,75.49
https://www.tirendo.fr/uniroyal-allseasonexpert-3-205-55-r16-91h-d-139635.html,Uniroyal,AllSeasonExpert 3,205,55,16,91,H,75.51
https://www.tirendo.fr/tigar-summer-3-205-55-r16-94v-d-141869.html,Tigar,Summer 3,205,55,16,94,V,75.51
https://www.tirendo.fr/matador-mp93-nordicca-205-55-r16-91t-d-123694.html,Matador,MP93 Nordicca,205,55,16,91,T,75.53
https://www.tirendo.fr/rotalla-setula-w-race-s130-205-55-r16-91h-r-400021.html,Rotalla,Setula W Race S130,205,55,16,91,H,75.53
https://www.tirendo.fr/viking-protech-newgen-205-55-r16-91w-r-515184.html,Viking,ProTech NewGen,205,55,16,91,W,75.59
https://www.tirendo.fr/hankook-ventus-prime-4-k135-205-55-r16-91v-d-125719.html,Hankook,Ventus Prime 4 K135,205,55,16,91,V,75.65
https://www.tirendo.fr/gt-radial-climateactive-205-55-r16-94v-r-527090.html,GT Radial,ClimateActive,205,55,16,94,V,75.69
https://www.tirendo.fr/matador-mp62-all-weather-evo-205-55-r16-91h-r-369162.html,Matador,MP62 All Weather Evo,205,55,16,91,H,75.76
https://www.tirendo.fr/zeetex-zt8000-4s-205-55-r16-94v-r-430984.html,Zeetex,ZT8000 4S,205,55,16,94,V,75.79
https://www.tirendo.fr/kleber-quadraxer-3-205-55-r16-91h-d-126208.html,Kleber,Quadraxer 3,205,55,16,91,H,75.80
https://www.tirendo.fr/uniroyal-winterexpert-205-55-r16-91h-d-123583.html,Uniroyal,WinterExpert,205,55,16,91,H,75.86
https://www.tirendo.fr/hankook-winter-i-cept-rs3--w462--205-55-r16-91t-r-448110.html,Hankook,Winter i*cept RS3 (W462),205,55,16,91,T,80.18
https://www.tirendo.fr/nexen-n-blue-hd-plus-205-55-r16-91v-r-388020.html,Nexen,N blue HD Plus,205,55,16,91,V,75.87
https://www.tirendo.fr/riken-all-season-205-55-r16-91v-r-444262.html,Riken,All Season,205,55,16,91,V,75.87
https://www.tirendo.fr/roadx-rxmotion-h12-205-55-r16-94v-r-543002.html,RoadX,RXMotion H12,205,55,16,94,V,75.88
https://www.tirendo.fr/kleber-dynaxer-hp-5-205-55-r16-94v-d-145693.html,Kleber,Dynaxer HP 5,205,55,16,94,V,75.91
https://www.tirendo.fr/sumitomo-wt200-205-55-r16-91h-r-387509.html,Sumitomo,WT200,205,55,16,91,H,75.91
https://www.tirendo.fr/semperit-speed-life-3-205-55-r16-91v-r-400556.html,Semperit,Speed-Life 3,205,55,16,91,V,64.31
https://www.tirendo.fr/laufenn-i-fit--lw31-205-55-r16-91h-r-445907.html,Laufenn,I Fit+ LW31,205,55,16,91,H,75.94
https://www.tirendo.fr/radar-dimax-all-season-205-55-r16-94w-r-522622.html,Radar,Dimax All Season,205,55,16,94,W,86.02
https://www.tirendo.fr/cooper-all-season-205-55-r16-94v-d-145175.html,Cooper,All Season,205,55,16,94,V,76.00
https://www.tirendo.fr/nexen-n-blue-4-season-205-55-r16-91h-r-333155.html,Nexen,N blue 4 Season,205,55,16,91,H,76.12
https://www.tirendo.fr/lassa-revola-205-55-r16-91v-r-531125.html,Lassa,Revola,205,55,16,91,V,76.12
https://www.tirendo.fr/marshal-mh22-205-55-r16-94v-r-346548.html,Marshal,MH22,205,55,16,94,V,76.19
https://www.tirendo.fr/barum-bravuris-6-205-55-r16-91w-r-515193.html,Barum,Bravuris 6,205,55,16,91,W,68.36
https://www.tirendo.fr/firenza-nuovo-s-205-55-r16-94w-r-535354.html,FIRENZA,Nuovo S,205,55,16,94,W,76.30
https://www.tirendo.fr/tigar-summer-3-205-55-r16-91v-d-141855.html,Tigar,Summer 3,205,55,16,91,V,76.36
https://www.tirendo.fr/evergreen-eh226-205-55-r16-91v-r-486861.html,Evergreen,Dynacomfort EH226,205,55,16,91,V,76.37
https://www.tirendo.fr/chengshan-csc-401-205-55-r16-94v-r-482629.html,Chengshan,CSC-401,205,55,16,94,V,76.43
https://www.tirendo.fr/rotalla-ice-plus-s210-205-55-r16-91h-r-318398.html,Rotalla,Ice-Plus S210,205,55,16,91,H,76.44
https://www.tirendo.fr/yokohama-bluearth-4s-aw21-205-55-r16-94v-r-389778.html,Yokohama,BluEarth-4S AW21,205,55,16,94,V,69.66
https://www.tirendo.fr/tigar-summer-3-205-55-r16-94w-d-141864.html,Tigar,Summer 3,205,55,16,94,W,76.45
https://www.tirendo.fr/nordexx-ecodrive-205-55-r16-94w-r-540528.html,Nordexx,EcoDrive,205,55,16,94,W,76.51
https://www.tirendo.fr/continental-contiecocontact-5-205-55-r16-91h-r-257806.html,Continental,ContiEcoContact 5,205,55,16,91,H,76.57
https://www.tirendo.fr/firestone-multiseason-2-205-55-r16-91h-r-393416.html,Firestone,Multiseason 2,205,55,16,91,H,76.64
https://www.tirendo.fr/nokian-seasonproof-1-205-55-r16-91h-r-499202.html,Nokian,Seasonproof 1,205,55,16,91,H,68.90
https://www.tirendo.fr/falken-ziex-ze310-ecorun-205-55-r16-91v-d-129157.html,Falken,ZIEX ZE310 ECORUN,205,55,16,91,V,69.25
https://www.tirendo.fr/sunwide-rs-one-205-55-r16-94w-r-328775.html,Sunwide,RS-One,205,55,16,94,W,77.06
https://www.tirendo.fr/lassa-revola-205-55-r16-91v-r-507201.html,Lassa,Revola,205,55,16,91,V,77.06
https://www.tirendo.fr/sunfull-sf-889-205-55-r16-91v-r-525319.html,Sunfull,SF-889,205,55,16,91,V,77.06
https://www.tirendo.fr/leao-winter-defender-grip-2-205-55-r16-94t-r-440214.html,Leao,Winter Defender Grip 2,205,55,16,94,T,77.07
https://www.tirendo.fr/three-a-p326-205-55-r16-94w-r-525215.html,Three-A,P326,205,55,16,94,W,77.07
https://www.tirendo.fr/starmaxx-novaro-st532-205-55-r16-91v-d-117695.html,Starmaxx,Novaro ST532,205,55,16,91,V,77.11
https://www.tirendo.fr/starmaxx-naturen-st542-205-55-r16-91h-r-319165.html,Starmaxx,Naturen ST542,205,55,16,91,H,77.11
https://www.tirendo.fr/matador-mp62-all-weather-evo-205-55-r16-94v-r-369164.html,Matador,MP62 All Weather Evo,205,55,16,94,V,77.14
https://www.tirendo.fr/matador-hectorra-5-205-55-r16-91y-d-129232.html,Matador,Hectorra 5,205,55,16,91,Y,77.21
https://www.tirendo.fr/dunlop-winter-sport-5-205-55-r16-91t-r-281000.html,Dunlop,Winter Sport 5,205,55,16,91,T,76.29
https://www.tirendo.fr/falken-ziex-ze320-205-55-r16-94v-r-514645.html,Falken,ZIEX ZE320,205,55,16,94,V,76.70
https://www.tirendo.fr/firestone-roadhawk-2-205-55-r16-91w-r-512290.html,Firestone,Roadhawk 2,205,55,16,91,W,77.28
https://www.tirendo.fr/bf-goodrich-advantage-2-205-55-r16-91w-d-146855.html,BF Goodrich,Advantage 2,205,55,16,91,W,77.33
https://www.tirendo.fr/falken-ziex-ze310-ecorun-205-55-r16-91v-r-514617.html,Falken,ZIEX ZE310 ECORUN,205,55,16,91,V,68.97
https://www.tirendo.fr/bf-goodrich-advantage-205-55-r16-91w-r-461346.html,BF Goodrich,Advantage,205,55,16,91,W,77.34
https://www.tirendo.fr/kleber-quadraxer-3-205-55-r16-91v-d-126210.html,Kleber,Quadraxer 3,205,55,16,91,V,88.13
https://www.tirendo.fr/zeetex-wh1000-205-55-r16-94v-r-364565.html,Zeetex,WH1000,205,55,16,94,V,77.45
https://www.tirendo.fr/matador-hectorra-5-205-55-r16-94v-d-131632.html,Matador,Hectorra 5,205,55,16,94,V,77.48
https://www.tirendo.fr/hankook-ventus-prime-3-k125-205-55-r16-91h-r-336738.html,Hankook,Ventus Prime 3 K125,205,55,16,91,H,77.49
https://www.tirendo.fr/cooper-summer-205-55-r16-91y-d-145318.html,Cooper,Summer,205,55,16,91,Y,77.50
https://www.tirendo.fr/kumho-wintercraft-wp52--205-55-r16-91h-r-525827.html,Kumho,WinterCraft WP52+,205,55,16,91,H,78.57
https://www.tirendo.fr/sailun-ice-blazer-alpine-plus-205-55-r16-91t-r-438496.html,Sailun,Ice Blazer Alpine Plus,205,55,16,91,T,77.71
https://www.tirendo.fr/tigar-winter-205-55-r16-91t-r-369677.html,Tigar,Winter,205,55,16,91,T,77.73
https://www.tirendo.fr/comforser-cf930-205-55-r16-91t-r-517949.html,Comforser,CF930,205,55,16,91,T,61.98
https://www.tirendo.fr/roadx-rxmotion-h12-205-55-r16-94v-r-534286.html,RoadX,RXMotion H12,205,55,16,94,V,77.74
https://www.tirendo.fr/gt-radial-winterpro2-205-55-r16-91t-r-528841.html,GT Radial,WinterPro2,205,55,16,91,T,77.83
https://www.tirendo.fr/roadx-wh01-205-55-r16-94v-r-414963.html,RoadX,WH01,205,55,16,94,V,77.88
https://www.tirendo.fr/marshal-mw31-205-55-r16-91h-r-480179.html,Marshal,MW31,205,55,16,91,H,77.88
https://www.tirendo.fr/dynamo-street-h-mu71-205-55-r16-91y-r-511485.html,Dynamo,Street-H MU71,205,55,16,91,Y,77.89
https://www.tirendo.fr/toyo-celsius-as2-205-55-r16-94v-d-124959.html,Toyo,Celsius AS2,205,55,16,94,V,77.90
https://www.tirendo.fr/product/Imperial/16/R-552625,Imperial,AS UHP Driver 2,205,55,16,94,V,77.90
https://www.tirendo.fr/nexen-winguard-snowg-wh2-205-55-r16-91h-r-280881.html,Nexen,Winguard SnowG WH2,205,55,16,91,H,61.84
https://www.tirendo.fr/barum-polaris-6-205-55-r16-94h-r-496076.html,Barum,Polaris 6,205,55,16,94,H,78.05
https://www.tirendo.fr/firestone-roadhawk-2-205-55-r16-94v-r-512284.html,Firestone,Roadhawk 2,205,55,16,94,V,78.08
https://www.tirendo.fr/apollo-alnac-4g-205-55-r16-91v-r-235197.html,Apollo,Alnac 4G,205,55,16,91,V,78.10
https://www.tirendo.fr/fronway-icemaster-i-205-55-r16-91h-r-531213.html,Fronway,Icemaster I,205,55,16,91,H,56.82
https://www.tirendo.fr/novex-as-5g-205-55-r16-94v-r-528028.html,Novex,AS 5G,205,55,16,94,V,78.21
https://www.tirendo.fr/firestone-winterhawk-4-205-55-r16-91h-d-123152.html,Firestone,Winterhawk 4,205,55,16,91,H,78.22
https://www.tirendo.fr/mirage-mr-762-as-205-55-r16-94v-r-545858.html,Mirage,MR-762 AS,205,55,16,94,V,78.27
https://www.tirendo.fr/hankook-ventus-prime-4-k135-205-55-r16-91w-d-125724.html,Hankook,Ventus Prime 4 K135,205,55,16,91,W,78.29
https://www.tirendo.fr/firestone-multiseason-205-55-r16-91h-r-276440.html,Firestone,Multiseason,205,55,16,91,H,64.85
https://www.tirendo.fr/kumho-wintercraft-wp52--205-55-r16-91t-d-141779.html,Kumho,WinterCraft WP52+,205,55,16,91,T,78.34
https://www.tirendo.fr/nokian-wetproof-1-205-55-r16-94v-d-132721.html,Nokian,Wetproof 1,205,55,16,94,V,65.41
https://www.tirendo.fr/bf-goodrich-advantage-all-season-205-55-r16-91h-d-126861.html,BF Goodrich,Advantage All-Season,205,55,16,91,H,78.38
https://www.tirendo.fr/lassa-multiways-2-205-55-r16-91v-r-462605.html,Lassa,Multiways 2,205,55,16,91,V,78.39
https://www.tirendo.fr/trazano-z401-205-55-r16-91v-r-490504.html,Trazano,Z401,205,55,16,91,V,78.42
https://www.tirendo.fr/petlas-multi-action-pt565-205-55-r16-91v-r-442007.html,Petlas,Multi Action PT565,205,55,16,91,V,78.43
https://www.tirendo.fr/viking-wintech-newgen-205-55-r16-94v-r-496031.html,Viking,WinTech NewGen,205,55,16,94,V,78.43
https://www.tirendo.fr/apollo-alnac-4g-all-season-205-55-r16-94v-d-136258.html,Apollo,Alnac 4G All Season,205,55,16,94,V,78.50
https://www.tirendo.fr/lanvigator-ice-spider-2-205-55-r16-94t-r-515417.html,Lanvigator,Ice-Spider 2,205,55,16,94,T,78.50
https://www.tirendo.fr/roadx-wh01-205-55-r16-91h-r-437443.html,RoadX,WH01,205,55,16,91,H,78.53
https://www.tirendo.fr/hankook-kinergy-4s-h750-205-55-r16-94h-r-378165.html,Hankook,Kinergy 4S� H750,205,55,16,94,H,78.55
https://www.tirendo.fr/evergreen-ew62-205-55-r16-94h-r-224903.html,Evergreen,EW62,205,55,16,94,H,78.56
https://www.tirendo.fr/sunny-wintermax-nw211-205-55-r16-91h-r-279504.html,Sunny,Wintermax NW211,205,55,16,91,H,53.81
https://www.tirendo.fr/toyo-proxes-comfort-205-55-r16-94v-r-437161.html,Toyo,Proxes Comfort,205,55,16,94,V,78.70
https://www.tirendo.fr/forceland-vitality-f22-205-55-r16-91v-r-541643.html,Forceland,Vitality F22,205,55,16,91,V,78.70
https://www.tirendo.fr/apollo-alnac-4g-all-season-205-55-r16-94h-d-136259.html,Apollo,Alnac 4G All Season,205,55,16,94,H,78.78
https://www.tirendo.fr/product/Minerva/16/R-551114,Minerva,Avenue,205,55,16,91,H,78.80
https://www.tirendo.fr/hankook-kinergy-eco-2-k435-205-55-r16-91h-r-518502.html,Hankook,Kinergy Eco 2 K435,205,55,16,91,H,78.81
https://www.tirendo.fr/chengshan-csc-901-205-55-r16-94h-r-475794.html,Chengshan,CSC-901,205,55,16,94,H,78.85
https://www.tirendo.fr/hankook-ventus-prime-4-k135-205-55-r16-94v-d-125726.html,Hankook,Ventus Prime 4 K135,205,55,16,94,V,78.90
https://www.tirendo.fr/sunfull-sf-888-205-55-r16-94w-r-398037.html,Sunfull,SF-888,205,55,16,94,W,78.90
https://www.tirendo.fr/tristar-ecopower4-205-55-r16-91v-r-333703.html,Tristar,Ecopower4,205,55,16,91,V,78.91
https://www.tirendo.fr/toyo-proxes-tr1-205-55-r16-91w-r-388418.html,Toyo,Proxes TR1,205,55,16,91,W,78.95
https://www.tirendo.fr/wanli-sc501-205-55-r16-94v-r-404245.html,Wanli,SC501,205,55,16,94,V,78.95
https://www.tirendo.fr/uniroyal-winterexpert-205-55-r16-91t-d-123582.html,Uniroyal,WinterExpert,205,55,16,91,T,78.98
https://www.tirendo.fr/nexen-n-blue-hd-plus-205-55-r16-91v-r-363965.html,Nexen,N blue HD Plus,205,55,16,91,V,79.02
https://www.tirendo.fr/barum-quartaris-5-205-55-r16-94v-r-367395.html,Barum,Quartaris 5,205,55,16,94,V,79.16
https://www.tirendo.fr/sebring-road-performance-formula-205-55-r16-94v-r-451205.html,Sebring,Road Performance Formula,205,55,16,94,V,79.18
https://www.tirendo.fr/kleber-quadraxer-3-205-55-r16-94v-d-126209.html,Kleber,Quadraxer 3,205,55,16,94,V,79.22
https://www.tirendo.fr/mastersteel-all-weather-2-205-55-r16-91v-r-509387.html,Mastersteel,All Weather 2,205,55,16,91,V,79.22
https://www.tirendo.fr/roadstone-eurovis-sport-4-205-55-r16-91w-r-309896.html,Roadstone,Eurovis Sport 4,205,55,16,91,W,79.28
https://www.tirendo.fr/falken-euroall-season-as210-205-55-r16-94v-r-377040.html,Falken,EUROALL SEASON AS210,205,55,16,94,V,79.29
https://www.tirendo.fr/product/Yokohama/16/R-542406,Yokohama,BluEarth-AllSeason 2 AW22,205,55,16,94,V,79.41
https://www.tirendo.fr/platin-rp-330-summer-205-55-r16-94w-r-526847.html,Platin,RP 330 Summer,205,55,16,94,W,79.44
https://www.tirendo.fr/roadstone-n-priz-4-seasons-205-55-r16-91h-r-392168.html,Roadstone,N PRIZ 4 SEASONS,205,55,16,91,H,79.47
https://www.tirendo.fr/starmaxx-novaro-st532-205-55-r16-91h-d-117696.html,Starmaxx,Novaro ST532,205,55,16,91,H,79.48
https://www.tirendo.fr/starmaxx-ultra-sport-st760-205-55-r16-94w-r-271522.html,Starmaxx,Ultra Sport ST760,205,55,16,94,W,79.54
https://www.tirendo.fr/evergreen-eu728-205-55-r16-91v-r-491823.html,Evergreen,EU728,205,55,16,91,V,79.59
https://www.tirendo.fr/bestdrive-summer-2-205-55-r16-91v-r-538868.html,Bestdrive,Summer 2,205,55,16,91,V,79.59
https://www.tirendo.fr/product/Kumho/16/D-129768,Kumho,WinterCraft WP72,205,55,16,94,V,79.60
https://www.tirendo.fr/roadx-du11-205-55-r16-94w-r-415700.html,RoadX,DU11,205,55,16,94,W,79.75
https://www.tirendo.fr/viking-wintech-newgen-205-55-r16-91t-r-496027.html,Viking,WinTech NewGen,205,55,16,91,T,64.54
https://www.tirendo.fr/barum-polaris-6-205-55-r16-91h-r-496074.html,Barum,Polaris 6,205,55,16,91,H,79.83
https://www.tirendo.fr/fortuna-gowin-uhp-3-205-55-r16-94h-r-512753.html,Fortuna,Gowin UHP 3,205,55,16,94,H,79.83
https://www.tirendo.fr/vredestein-quatrac-205-55-r16-91v-r-435901.html,Vredestein,Quatrac,205,55,16,91,V,73.87
https://www.tirendo.fr/barum-bravuris-6-205-55-r16-94v-r-515192.html,Barum,Bravuris 6,205,55,16,94,V,69.04
https://www.tirendo.fr/yartu-sw608-205-55-r16-91h-r-517443.html,Yartu,SW608,205,55,16,91,H,79.91
https://www.tirendo.fr/falken-euroall-season-as210-205-55-r16-91h-r-377038.html,Falken,EUROALL SEASON AS210,205,55,16,91,H,68.00
https://www.tirendo.fr/uniroyal-rainsport-5-205-55-r16-91w-r-400524.html,Uniroyal,RainSport 5,205,55,16,91,W,79.95
https://www.tirendo.fr/pirelli-cinturato-p1-verde-205-55-r16-91v-r-335430.html,Pirelli,Cinturato P1 Verde,205,55,16,91,V,79.96
https://www.tirendo.fr/falken-ziex-ze320-205-55-r16-94w-r-514646.html,Falken,ZIEX ZE320,205,55,16,94,W,69.96
https://www.tirendo.fr/goodyear-efficientgrip-performance-2-205-55-r16-91v-d-123427.html,Goodyear,EfficientGrip Performance 2,205,55,16,91,V,80.09
https://www.tirendo.fr/goodyear-efficientgrip-performance-2-205-55-r16-91h-d-123428.html,Goodyear,EfficientGrip Performance 2,205,55,16,91,H,80.09
https://www.tirendo.fr/goodyear-efficientgrip-performance-205-55-r16-91v-r-326451.html,Goodyear,EfficientGrip Performance,205,55,16,91,V,80.09
https://www.tirendo.fr/goodyear-efficientgrip-performance-205-55-r16-91v-r-365396.html,Goodyear,EfficientGrip Performance,205,55,16,91,V,80.09
https://www.tirendo.fr/bridgestone-turanza-all-season-6-205-55-r16-94v-d-130736.html,Bridgestone,Turanza All season 6,205,55,16,94,V,80.10
https://www.tirendo.fr/starmaxx-controlmax-205-55-r16-91v-r-542771.html,Starmaxx,Controlmax,205,55,16,91,V,80.17
https://www.tirendo.fr/hankook-ventus-prime-4-k135-205-55-r16-91w-d-125723.html,Hankook,Ventus Prime 4 K135,205,55,16,91,W,135.73
https://www.tirendo.fr/bf-goodrich-advantage-all-season-205-55-r16-91v-d-126854.html,BF Goodrich,Advantage All-Season,205,55,16,91,V,79.12
https://www.tirendo.fr/ilink-l-zeal-56-205-55-r16-94w-r-545490.html,Ilink,L-Zeal 56,205,55,16,94,W,80.24
https://www.tirendo.fr/dunlop-sp-winter-sport-4d-205-55-r16-91h-r-246054.html,Dunlop,SP Winter Sport 4D,205,55,16,91,H,80.30
https://www.tirendo.fr/winrun-r330-w-silent-205-55-r16-94w-r-487792.html,Winrun,R330 W-Silent,205,55,16,94,W,80.36
https://www.tirendo.fr/semperit-all-season-grip-2-205-55-r16-91h-d-139600.html,Semperit,All Season-Grip 2,205,55,16,91,H,80.40
https://www.tirendo.fr/austone-sp901-205-55-r16-91h-r-364008.html,AUSTONE,SP901,205,55,16,91,H,80.40
https://www.tirendo.fr/riken-snow-205-55-r16-94h-r-382555.html,Riken,Snow,205,55,16,94,H,80.48
https://www.tirendo.fr/gt-radial-fe2-evo-205-55-r16-91h-r-540364.html,GT Radial,FE2 Evo,205,55,16,91,H,80.48
https://www.tirendo.fr/sunfull-sf-983-as-205-55-r16-94v-r-350360.html,Sunfull,SF-983 AS,205,55,16,94,V,80.49
https://www.tirendo.fr/apollo-alnac-4g-winter-205-55-r16-91h-r-281468.html,Apollo,Alnac 4G Winter,205,55,16,91,H,74.56
https://www.tirendo.fr/antares-grip-20-205-55-r16-91h-r-498761.html,Antares,Grip 20,205,55,16,91,H,80.62
https://www.tirendo.fr/radar-dimax-winter-205-55-r16-91h-r-533439.html,Radar,Dimax Winter,205,55,16,91,H,80.63
https://www.tirendo.fr/product/Semperit/16/D-156366,Semperit,Speed-Life 5,205,55,16,91,V,80.72
https://www.tirendo.fr/nankang-econex-ev-205-55-r16-91w-r-454189.html,Nankang,Econex EV,205,55,16,91,W,80.73
https://www.tirendo.fr/apollo-alnac-4g-winter-205-55-r16-91t-r-281470.html,Apollo,Alnac 4G Winter,205,55,16,91,T,80.75
https://www.tirendo.fr/nankang-sportnex-as-2--205-55-r16-94w-r-319840.html,Nankang,Sportnex AS-2+,205,55,16,94,W,135.73
https://www.tirendo.fr/hankook-ventus-prime-4-k135-205-55-r16-91h-d-125716.html,Hankook,Ventus Prime 4 K135,205,55,16,91,H,80.86
https://www.tirendo.fr/hankook-ventus-prime-2-k115-205-55-r16-91v-d-120653.html,Hankook,Ventus Prime 2 K115,205,55,16,91,V,68.85
https://www.tirendo.fr/nankang-noble-sport-ns-20-205-55-r16-94w-r-436504.html,Nankang,Noble Sport NS-20,205,55,16,94,W,80.89
https://www.tirendo.fr/superia-ecoblue-2-4s-205-55-r16-94v-r-508529.html,Superia,EcoBlue 2 4S,205,55,16,94,V,81.03
https://www.tirendo.fr/otani-kc1000-205-55-r16-94w-r-526992.html,Otani,KC1000,205,55,16,94,W,81.04
https://www.tirendo.fr/product/Minerva/16/R-551115,Minerva,Avenue,205,55,16,91,W,81.05
https://www.tirendo.fr/nexen-n-blue-4-season-205-55-r16-94h-r-333154.html,Nexen,N blue 4 Season,205,55,16,94,H,81.15
https://www.tirendo.fr/yokohama-bluearth-winter--v906--205-55-r16-91t-r-427854.html,Yokohama,BluEarth-Winter (V906),205,55,16,91,T,76.45
https://www.tirendo.fr/massimo-cross-season-cs4-205-55-r16-94v-r-493139.html,Massimo,Cross Season CS4,205,55,16,94,V,81.24
https://www.tirendo.fr/roadx-rxmotion-h12-205-55-r16-94v-r-416868.html,RoadX,RXMotion H12,205,55,16,94,V,81.25
https://www.tirendo.fr/radar-dimax-winter-205-55-r16-94v-r-516330.html,Radar,Dimax Winter,205,55,16,94,V,81.26
https://www.tirendo.fr/kumho-wintercraft-wp52--205-55-r16-94h-d-141777.html,Kumho,WinterCraft WP52+,205,55,16,94,H,81.32
https://www.tirendo.fr/starmaxx-polarmaxx-205-55-r16-91h-r-498438.html,Starmaxx,PolarMaxx,205,55,16,91,H,81.32
https://www.tirendo.fr/giti-synergy-h2-205-55-r16-91h-r-530368.html,Giti,Synergy H2,205,55,16,91,H,81.41
https://www.tirendo.fr/bf-goodrich-advantage-2-205-55-r16-94v-d-146854.html,BF Goodrich,Advantage 2,205,55,16,94,V,81.46
https://www.tirendo.fr/sonix-winter-xpro-studs-68-205-55-r16-94t-r-533669.html,Sonix,Winter Xpro Studs 68,205,55,16,94,T,81.47
https://www.tirendo.fr/hankook-winter-i-cept-rs3--w462--205-55-r16-91h-r-462729.html,Hankook,Winter i*cept RS3 (W462),205,55,16,91,H,83.28
https://www.tirendo.fr/lassa-multiways-2-205-55-r16-94v-r-462606.html,Lassa,Multiways 2,205,55,16,94,V,81.50
https://www.tirendo.fr/hankook-winter-i-cept-rs3--w462--205-55-r16-91t-r-462731.html,Hankook,Winter i*cept RS3 (W462),205,55,16,91,T,81.58
https://www.tirendo.fr/riken-all-season-205-55-r16-94v-r-403698.html,Riken,All Season,205,55,16,94,V,81.59
https://www.tirendo.fr/trazano-zupereco-z-107-205-55-r16-94w-r-415026.html,Trazano,ZuperEco Z-107,205,55,16,94,W,81.59
https://www.tirendo.fr/falken-eurowinter-hs02-205-55-r16-91h-r-536348.html,Falken,EUROWINTER HS02,205,55,16,91,H,81.63
https://www.tirendo.fr/firestone-winterhawk-4-205-55-r16-91t-d-123198.html,Firestone,Winterhawk 4,205,55,16,91,T,81.68
https://www.tirendo.fr/pirelli-powergy-2-205-55-r16-94v-d-145876.html,Pirelli,Powergy 2,205,55,16,94,V,81.70
https://www.tirendo.fr/product/Westlake/16/R-552470,Westlake,Z-507,205,55,16,91,V,81.83
https://www.tirendo.fr/superia-bluewin-uhp-205-55-r16-91v-r-444247.html,Superia,Bluewin UHP,205,55,16,91,V,137.72
https://www.tirendo.fr/yokohama-bluearth-winter--v906---205-55-r16-91h-r-473486.html,Yokohama,BluEarth-Winter (V906+),205,55,16,91,H,80.40
https://www.tirendo.fr/novex-sp-5-205-55-r16-91v-r-527995.html,Novex,SP 5,205,55,16,91,V,81.88
https://www.tirendo.fr/hankook-ventus-prime-4-k135-205-55-r16-91v-d-125721.html,Hankook,Ventus Prime 4 K135,205,55,16,91,V,81.89
https://www.tirendo.fr/nokian-seasonproof-1-205-55-r16-94v-r-499234.html,Nokian,Seasonproof 1,205,55,16,94,V,81.89
https://www.tirendo.fr/laufenn-s-fit-eq--lk01-205-55-r16-94v-d-124727.html,Laufenn,S Fit EQ+ LK01,205,55,16,94,V,81.94
https://www.tirendo.fr/bf-goodrich-advantage-all-season-205-55-r16-94v-d-126890.html,BF Goodrich,Advantage All-Season,205,55,16,94,V,81.96
https://www.tirendo.fr/nokian-snowproof-2-205-55-r16-91t-r-488241.html,Nokian,Snowproof 2,205,55,16,91,T,81.96
https://www.tirendo.fr/continental-contiecocontact-5-205-55-r16-91h-r-513768.html,Continental,ContiEcoContact 5,205,55,16,91,H,81.98
https://www.tirendo.fr/bf-goodrich-advantage-205-55-r16-94v-r-461345.html,BF Goodrich,Advantage,205,55,16,94,V,76.77
https://www.tirendo.fr/rotalla-setula-e-race-rh01-205-55-r16-91h-r-294437.html,Rotalla,Setula E-Race RH01,205,55,16,91,H,82.09
https://www.tirendo.fr/tourador-x-all-climate-tf1-205-55-r16-91v-r-437115.html,Tourador,X All Climate TF1,205,55,16,91,V,82.09
https://www.tirendo.fr/royal-black-royal-a-s-205-55-r16-94v-r-392868.html,Royal Black,Royal A/S,205,55,16,94,V,82.13
https://www.tirendo.fr/hankook-kinergy-4s-h750-205-55-r16-94v-r-378169.html,Hankook,Kinergy 4S� H750,205,55,16,94,V,73.99
https://www.tirendo.fr/bf-goodrich-advantage-205-55-r16-94w-r-461347.html,BF Goodrich,Advantage,205,55,16,94,W,82.24
https://www.tirendo.fr/lassa-snoways-4-205-55-r16-91h-r-438058.html,Lassa,Snoways 4,205,55,16,91,H,82.29
https://www.tirendo.fr/sava-eskimo-hp2-205-55-r16-94h-r-498340.html,Sava,Eskimo HP2,205,55,16,94,H,82.30
https://www.tirendo.fr/riken-road-performance-205-55-r16-91h-r-360370.html,Riken,Road Performance,205,55,16,91,H,82.35
https://www.tirendo.fr/massimo-msa11-205-55-r16-91v-r-519549.html,Massimo,MSA11,205,55,16,91,V,82.38
https://www.tirendo.fr/tbb-tires-fortezza-205-55-r16-91w-d-138293.html,TBB Tires,Fortezza,205,55,16,91,W,42.47
https://www.tirendo.fr/petlas-prime-comfort-205-55-r16-91v-r-539647.html,Petlas,Prime Comfort,205,55,16,91,V,82.51
https://www.tirendo.fr/maxxis-mecotra-3-205-55-r16-91v-r-324884.html,Maxxis,Mecotra 3,205,55,16,91,V,82.52
https://www.tirendo.fr/kleber-dynaxer-hp-5-205-55-r16-94w-d-145694.html,Kleber,Dynaxer HP 5,205,55,16,94,W,82.54
https://www.tirendo.fr/apollo-aspire-4g--205-55-r16-94v-d-136290.html,Apollo,Aspire 4G+,205,55,16,94,V,82.55
https://www.tirendo.fr/avon-all-season-205-55-r16-91v-d-139938.html,Avon,All Season,205,55,16,91,V,82.55
https://www.tirendo.fr/prinx-quattura-4s--205-55-r16-94v-r-533002.html,Prinx,Quattura 4S+,205,55,16,94,V,82.63
https://www.tirendo.fr/riken-summer-3-205-55-r16-94v-r-525388.html,Riken,Summer 3,205,55,16,94,V,82.74
https://www.tirendo.fr/dunlop-blue-response-tg-205-55-r16-94v-d-146185.html,Dunlop,Blue Response TG,205,55,16,94,V,82.80
https://www.tirendo.fr/hankook-ventus-prime-4-k135-205-55-r16-94v-d-125727.html,Hankook,Ventus Prime 4 K135,205,55,16,94,V,82.82
https://www.tirendo.fr/barum-quartaris-5-205-55-r16-91h-r-367394.html,Barum,Quartaris 5,205,55,16,91,H,82.83
https://www.tirendo.fr/tbb-tires-fortezza-205-55-r16-94v-d-138294.html,TBB Tires,Fortezza,205,55,16,94,V,44.33
https://www.tirendo.fr/starmaxx-w860-205-55-r16-91t-r-437949.html,Starmaxx,W860,205,55,16,91,T,82.95
https://www.tirendo.fr/tigar-winter-205-55-r16-91h-r-426895.html,Tigar,Winter,205,55,16,91,H,82.97
https://www.tirendo.fr/hankook-winter-i-cept-rs3--w462--205-55-r16-91h-r-462573.html,Hankook,Winter i*cept RS3 (W462),205,55,16,91,H,82.97
https://www.tirendo.fr/gt-radial-champiro-winterpro-hp-205-55-r16-94v-r-528924.html,GT Radial,CHAMPIRO WINTERPRO HP,205,55,16,94,V,82.99
https://www.tirendo.fr/bf-goodrich-g-force-winter-2-205-55-r16-91h-r-331115.html,BF Goodrich,g-Force Winter 2,205,55,16,91,H,83.00
https://www.tirendo.fr/maxxis-premitra-5-205-55-r16-91v-r-398170.html,Maxxis,Premitra 5,205,55,16,91,V,64.96
https://www.tirendo.fr/nankang-ice-activa-grip-2-205-55-r16-94t-d-124816.html,Nankang,Ice Activa Grip 2,205,55,16,94,T,83.10
https://www.tirendo.fr/leao-nova-force-hp100-205-55-r16-91v-r-531035.html,Leao,Nova Force HP100,205,55,16,91,V,83.27
https://www.tirendo.fr/product/Rovelo/16/R-553303,Rovelo,All Season,205,55,16,91,H,83.27
https://www.tirendo.fr/austone-sp901-205-55-r16-94h-r-388674.html,AUSTONE,SP901,205,55,16,94,H,83.29
https://www.tirendo.fr/toyo-proxes-comfort-205-55-r16-91v-r-437847.html,Toyo,Proxes Comfort,205,55,16,91,V,83.38
https://www.tirendo.fr/austone-glacia-snow-205-55-r16-94h-r-529185.html,AUSTONE,Glacia Snow,205,55,16,94,H,83.44
https://www.tirendo.fr/cooper-summer-205-55-r16-94w-d-145317.html,Cooper,Summer,205,55,16,94,W,83.50
https://www.tirendo.fr/nokian-powerproof-2-205-55-r16-94v-d-145961.html,Nokian,Powerproof 2,205,55,16,94,V,76.89
https://www.tirendo.fr/pirelli-cinturato-p7-205-55-r16-91v-r-170273.html,Pirelli,Cinturato P7,205,55,16,91,V,83.53
https://www.tirendo.fr/vredestein-ultrac--205-55-r16-94w-d-139796.html,Vredestein,Ultrac+,205,55,16,94,W,83.60
https://www.tirendo.fr/maxtrek-trek-m7-205-55-r16-91h-r-445384.html,Maxtrek,Trek M7,205,55,16,91,H,83.72
https://www.tirendo.fr/kenda-kr210-205-55-r16-91v-r-450799.html,Kenda,KR210,205,55,16,91,V,83.76
https://www.tirendo.fr/pirelli-cinturato-p1-205-55-r16-91v-r-478254.html,Pirelli,Cinturato P1,205,55,16,91,V,83.80
https://www.tirendo.fr/nokian-snowproof-2-205-55-r16-91h-r-488240.html,Nokian,Snowproof 2,205,55,16,91,H,83.81
https://www.tirendo.fr/hankook-kinergy-4s-h750-205-55-r16-94h-r-438295.html,Hankook,Kinergy 4S� H750,205,55,16,94,H,83.94
https://www.tirendo.fr/gt-radial-climateactive-205-55-r16-94v-r-517780.html,GT Radial,ClimateActive,205,55,16,94,V,83.95
https://www.tirendo.fr/product/Bestdrive/16/R-552954,Bestdrive,Winter,205,55,16,94,V,83.96
https://www.tirendo.fr/yokohama-bluearth-winter--v906--205-55-r16-91h-r-427853.html,Yokohama,BluEarth-Winter (V906),205,55,16,91,H,83.97
https://www.tirendo.fr/gt-radial-champiro-fe2-205-55-r16-91w-r-463203.html,GT Radial,Champiro FE2,205,55,16,91,W,70.52
https://www.tirendo.fr/bestdrive-all-seasons-205-55-r16-91h-r-505485.html,Bestdrive,All Seasons,205,55,16,91,H,83.98
https://www.tirendo.fr/vredestein-quatrac-205-55-r16-94v-r-435902.html,Vredestein,Quatrac,205,55,16,94,V,92.06
https://www.tirendo.fr/hankook-ventus-prime-4-k135-205-55-r16-94w-d-131082.html,Hankook,Ventus Prime 4 K135,205,55,16,94,W,79.38
https://www.tirendo.fr/sebring-snow-205-55-r16-94h-r-392319.html,Sebring,Snow,205,55,16,94,H,126.01
https://www.tirendo.fr/sebring-snow-205-55-r16-91t-r-451233.html,Sebring,Snow,205,55,16,91,T,84.11
https://www.tirendo.fr/cooper-weather-master-wsc-205-55-r16-91t-r-287758.html,Cooper,Weather-Master WSC,205,55,16,91,T,84.16
https://www.tirendo.fr/product/Lassa/16/R-552550,Lassa,Snoways 5,205,55,16,91,H,84.17
https://www.tirendo.fr/product/Nexen/16/D-153663,Nexen,Winguard Sport 3,205,55,16,91,H,84.28
https://www.tirendo.fr/sailun-ice-blazer-ws-t3-205-55-r16-94t-r-336035.html,Sailun,Ice Blazer WS T3,205,55,16,94,T,74.69
https://www.tirendo.fr/product/Uniroyal/16/R-536696,Uniroyal,RainExpert 6,205,55,16,94,V,84.32
https://www.tirendo.fr/nexen-n-blue-4-season-205-55-r16-94v-r-333153.html,Nexen,N blue 4 Season,205,55,16,94,V,84.33
https://www.tirendo.fr/bestdrive-summer-2-205-55-r16-91w-r-545379.html,Bestdrive,Summer 2,205,55,16,91,W,84.34
https://www.tirendo.fr/radar-dimax-winter-205-55-r16-94v-r-530138.html,Radar,Dimax Winter,205,55,16,94,V,84.36
https://www.tirendo.fr/riken-summer-3-205-55-r16-91w-r-525380.html,Riken,Summer 3,205,55,16,91,W,84.39
https://www.tirendo.fr/laufenn-i-fit--lw31-205-55-r16-94h-r-464593.html,Laufenn,I Fit+ LW31,205,55,16,94,H,84.49
https://www.tirendo.fr/continental-contiecocontact-5-205-55-r16-91h-r-216008.html,Continental,ContiEcoContact 5,205,55,16,91,H,86.27
https://www.tirendo.fr/uniroyal-winterexpert-205-55-r16-94h-r-410971.html,Uniroyal,WinterExpert,205,55,16,94,H,84.51
https://www.tirendo.fr/product/Starmaxx/16/R-551964,Starmaxx,Controlmax,205,55,16,94,W,84.52
https://www.tirendo.fr/sebring-snow-205-55-r16-91h-r-476730.html,Sebring,Snow,205,55,16,91,H,84.56
https://www.tirendo.fr/trazano-zupereco-z-107-205-55-r16-91v-r-542025.html,Trazano,ZuperEco Z-107,205,55,16,91,V,84.72
https://www.tirendo.fr/bridgestone-turanza-6-205-55-r16-91v-r-501534.html,Bridgestone,Turanza 6,205,55,16,91,V,94.56
https://www.tirendo.fr/nokian-seasonproof-2-205-55-r16-94v-r-523304.html,Nokian,Seasonproof 2,205,55,16,94,V,84.79
https://www.tirendo.fr/evergreen-ew66-205-55-r16-91h-r-224897.html,Evergreen,EW66,205,55,16,91,H,84.81
https://www.tirendo.fr/dunlop-sport-maxx-rt-205-55-r16-91y-d-119927.html,Dunlop,Sport Maxx RT,205,55,16,91,Y,78.91
https://www.tirendo.fr/premiorri-vimero-4seasons-205-55-r16-94v-r-500410.html,Premiorri,Vimero 4Seasons,205,55,16,94,V,84.86
https://www.tirendo.fr/kleber-krisalp-hp-3-205-55-r16-91h-r-317509.html,Kleber,Krisalp HP 3,205,55,16,91,H,81.89
https://www.tirendo.fr/petlas-glacier-w661-205-55-r16-91t-r-472228.html,Petlas,Glacier W661,205,55,16,91,T,84.93
https://www.tirendo.fr/starmaxx-maxx-out-st582-205-55-r16-91v-r-462544.html,Starmaxx,Maxx Out ST582,205,55,16,91,V,84.97
https://www.tirendo.fr/zelda-surate-hp-205-55-r16-91v-r-546872.html,Zelda,Surate HP,205,55,16,91,V,84.98
https://www.tirendo.fr/product/Trazano/16/R-548846,Trazano,Z401,205,55,16,94,V,84.98
https://www.tirendo.fr/product/Trazano/16/R-548847,Trazano,Z401,205,55,16,91,V,84.98
https://www.tirendo.fr/product/Road+Rider/16/R-547618,Road Rider,All Weather R4S,205,55,16,94,V,85.03
https://www.tirendo.fr/leao-nova-force-hp-205-55-r16-91h-d-119762.html,Leao,NOVA-FORCE HP,205,55,16,91,H,85.18
https://www.tirendo.fr/ovation-w588-205-55-r16-91h-r-528504.html,Ovation,W588,205,55,16,91,H,85.28
https://www.tirendo.fr/semperit-all-season-grip-2-205-55-r16-94v-d-139601.html,Semperit,All Season-Grip 2,205,55,16,94,V,85.33
https://www.tirendo.fr/nexen-n-fera-su1-205-55-r16-94w-r-287286.html,Nexen,N Fera SU1,205,55,16,94,W,85.50
https://www.tirendo.fr/tigar-all-season-205-55-r16-91h-r-419938.html,Tigar,All Season,205,55,16,91,H,85.50
https://www.tirendo.fr/hankook-ventus-prime-2-k115-205-55-r16-91w-r-298273.html,Hankook,Ventus Prime 2 K115,205,55,16,91,W,69.99
https://www.tirendo.fr/continental-premiumcontact-7-205-55-r16-91h-d-126965.html,Continental,PremiumContact 7,205,55,16,91,H,85.55
https://www.tirendo.fr/nexen-n-blue-4-season-205-55-r16-94h-r-387938.html,Nexen,N blue 4 Season,205,55,16,94,H,85.57
https://www.tirendo.fr/avon-all-season-205-55-r16-94v-d-139944.html,Avon,All Season,205,55,16,94,V,85.61
https://www.tirendo.fr/continental-ultracontact-205-55-r16-91w-r-452397.html,Continental,UltraContact,205,55,16,91,W,85.62
https://www.tirendo.fr/continental-ultracontact-205-55-r16-91h-d-126053.html,Continental,UltraContact,205,55,16,91,H,85.63
https://www.tirendo.fr/vredestein-wintrac-205-55-r16-91h-d60577.html,Vredestein,Wintrac,205,55,16,91,H,85.64
https://www.tirendo.fr/platin-rp-70-winter-205-55-r16-91h-r-497190.html,Platin,RP 70 Winter,205,55,16,91,H,85.64
https://www.tirendo.fr/riken-summer-3-205-55-r16-94w-r-525592.html,Riken,Summer 3,205,55,16,94,W,85.64
https://www.tirendo.fr/bf-goodrich-advantage-2-205-55-r16-94w-d-146856.html,BF Goodrich,Advantage 2,205,55,16,94,W,85.76
https://www.tirendo.fr/bestdrive-summer-2-205-55-r16-94v-r-545378.html,Bestdrive,Summer 2,205,55,16,94,V,85.78
https://www.tirendo.fr/apollo-alnac-4g-winter-205-55-r16-94h-r-281469.html,Apollo,Alnac 4G Winter,205,55,16,94,H,85.79
https://www.tirendo.fr/bridgestone-turanza-6-205-55-r16-91h-r-501267.html,Bridgestone,Turanza 6,205,55,16,91,H,85.79
https://www.tirendo.fr/hankook-ventus-prime-4-k135-205-55-r16-94w-d-125729.html,Hankook,Ventus Prime 4 K135,205,55,16,94,W,85.83
https://www.tirendo.fr/nankang-ice-activa-sw-8-205-55-r16-94t-r-314260.html,Nankang,ICE ACTIVA SW-8,205,55,16,94,T,76.83
https://www.tirendo.fr/goodyear-vector-4-seasons-gen-3-205-55-r16-91v-r-422838.html,Goodyear,Vector 4 Seasons Gen-3,205,55,16,91,V,85.90
https://www.tirendo.fr/goodyear-vector-4-seasons-gen-3-205-55-r16-94v-r-466146.html,Goodyear,Vector 4 Seasons Gen-3,205,55,16,94,V,85.99
https://www.tirendo.fr/kleber-dynaxer-hp-4-205-55-r16-91v-r-454463.html,Kleber,Dynaxer HP 4,205,55,16,91,V,86.01
https://www.tirendo.fr/kenda-kr203-205-55-r16-91h-r-432436.html,Kenda,KR203,205,55,16,91,H,86.10
https://www.tirendo.fr/dunlop-sport-bluresponse-205-55-r16-91v-d-146457.html,Dunlop,Sport BluResponse,205,55,16,91,V,86.27
https://www.tirendo.fr/semperit-speed-grip-5-205-55-r16-91t-d-124903.html,Semperit,Speed-Grip 5,205,55,16,91,T,86.28
https://www.tirendo.fr/taurus-high-performance-205-55-r16-91v-r-360921.html,Taurus,High Performance,205,55,16,91,V,86.29
https://www.tirendo.fr/tigar-winter-205-55-r16-94h-r-369666.html,Tigar,Winter,205,55,16,94,H,86.29
https://www.tirendo.fr/fortune-fsr-802-205-55-r16-91v-r-483236.html,Fortune,FSR-802,205,55,16,91,V,86.32
https://www.tirendo.fr/linglong-sport-master-205-55-r16-91v-r-471012.html,Linglong,Sport Master,205,55,16,91,V,86.35
https://www.tirendo.fr/wanli-sp026-205-55-r16-94w-r-495970.html,Wanli,SP026,205,55,16,94,W,86.39
https://www.tirendo.fr/tigar-all-season-205-55-r16-94v-r-395117.html,Tigar,All Season,205,55,16,94,V,86.48
https://www.tirendo.fr/nexen-winguard-snowg-3-205-55-r16-94v-r-424555.html,Nexen,Winguard SnowG 3,205,55,16,94,V,86.48
https://www.tirendo.fr/kormoran-road-performance-205-55-r16-94w-r-436319.html,Kormoran,Road Performance,205,55,16,94,W,86.62
https://www.tirendo.fr/dynamo-street-h-m4s01-205-55-r16-94v-r-542130.html,Dynamo,Street-H M4S01,205,55,16,94,V,86.62
https://www.tirendo.fr/vredestein-ultrac-205-55-r16-91v-r-441648.html,Vredestein,Ultrac,205,55,16,91,V,86.77
https://www.tirendo.fr/dunlop-sport-bluresponse-205-55-r16-94v-r-327791.html,Dunlop,Sport BluResponse,205,55,16,94,V,91.48
https://www.tirendo.fr/hankook-winter-i-cept-rs3--w462--205-55-r16-91t-r-462794.html,Hankook,Winter i*cept RS3 (W462),205,55,16,91,T,86.87
https://www.tirendo.fr/continental-contipremiumcontact-5-205-55-r16-91v-r-394950.html,Continental,ContiPremiumContact 5,205,55,16,91,V,86.92
https://www.tirendo.fr/roadstone-winguard-snow-g-205-55-r16-94v-r-516229.html,Roadstone,WINGUARD SNOW G,205,55,16,94,V,87.10
https://www.tirendo.fr/evergreen-ew62-205-55-r16-91h-r-224904.html,Evergreen,EW62,205,55,16,91,H,87.15
https://www.tirendo.fr/hankook-kinergy-4s-h750-205-55-r16-94v-r-438294.html,Hankook,Kinergy 4S� H750,205,55,16,94,V,78.07
https://www.tirendo.fr/continental-ecocontact-6-205-55-r16-91v-r-501609.html,Continental,EcoContact 6,205,55,16,91,V,87.22
https://www.tirendo.fr/sebring-all-season-205-55-r16-94v-r-413151.html,Sebring,All Season,205,55,16,94,V,87.36
https://www.tirendo.fr/hankook-ventus-prime-2-k115-205-55-r16-91w-r-219767.html,Hankook,Ventus Prime 2 K115,205,55,16,91,W,73.18
https://www.tirendo.fr/triangle-snowlink-pl01-205-55-r16-94r-r-302068.html,Triangle,SnowLink PL01,205,55,16,94,R,87.45
https://www.tirendo.fr/nokian-seasonproof-2-205-55-r16-91v-r-523333.html,Nokian,Seasonproof 2,205,55,16,91,V,77.87
https://www.tirendo.fr/antares-ice-grip-60-205-55-r16-94t-r-341354.html,Antares,Ice Grip 60,205,55,16,94,T,87.57
https://www.tirendo.fr/yokohama-bluearth-winter--v906--205-55-r16-94v-r-433891.html,Yokohama,BluEarth-Winter (V906),205,55,16,94,V,87.67
https://www.tirendo.fr/continental-ecocontact-6-205-55-r16-91h-r-411587.html,Continental,EcoContact 6,205,55,16,91,H,87.73
https://www.tirendo.fr/marshal-mw31-205-55-r16-91t-r-480843.html,Marshal,MW31,205,55,16,91,T,87.78
https://www.tirendo.fr/lassa-snoways-4-205-55-r16-94v-r-431452.html,Lassa,Snoways 4,205,55,16,94,V,87.88
https://www.tirendo.fr/rotalla-setula-w-race-s130-205-55-r16-91v-r-400023.html,Rotalla,Setula W Race S130,205,55,16,91,V,87.89
https://www.tirendo.fr/sumitomo-wt200-205-55-r16-94v-r-387491.html,Sumitomo,WT200,205,55,16,94,V,87.95
https://www.tirendo.fr/kumho-wintercraft-wp52-205-55-r16-91h-d-126938.html,Kumho,WinterCraft WP52,205,55,16,91,H,87.99
https://www.tirendo.fr/goodyear-efficientgrip-performance-2-205-55-r16-91w-d-123426.html,Goodyear,EfficientGrip Performance 2,205,55,16,91,W,88.00
https://www.tirendo.fr/goodyear-vector-4-seasons-gen-2-205-55-r16-94h-r-281917.html,Goodyear,Vector 4 Seasons Gen-2,205,55,16,94,H,88.00
https://www.tirendo.fr/goodyear-vector-4-seasons-gen-3-205-55-r16-94v-r-422831.html,Goodyear,Vector 4 Seasons Gen-3,205,55,16,94,V,88.00
https://www.tirendo.fr/product/Semperit/16/D-156367,Semperit,Speed-Life 5,205,55,16,94,V,88.05
https://www.tirendo.fr/kumho-wintercraft-wp52-205-55-r16-91t-d-131753.html,Kumho,WinterCraft WP52,205,55,16,91,T,71.42
https://www.tirendo.fr/infinity-ecozen-205-55-r16-94h-r-474857.html,Infinity,EcoZen,205,55,16,94,H,88.12
https://www.tirendo.fr/dunlop-enasave-ec300--205-55-r16-91v-d-146295.html,Dunlop,Enasave EC300+,205,55,16,91,V,88.13
https://www.tirendo.fr/kleber-dynaxer-hp-4-205-55-r16-91w-r-454461.html,Kleber,Dynaxer HP 4,205,55,16,91,W,69.31
https://www.tirendo.fr/marshal-izen-kw31-205-55-r16-91r-r-315441.html,Marshal,IZen KW31,205,55,16,91,R,88.21
https://www.tirendo.fr/taurus-high-performance-205-55-r16-94v-r-374174.html,Taurus,High Performance,205,55,16,94,V,88.30
https://www.tirendo.fr/roadstone-winguard-sport-205-55-r16-94v-r-272849.html,Roadstone,Winguard Sport,205,55,16,94,V,88.45
https://www.tirendo.fr/vredestein-snowtrac-5-205-55-r16-91h-r-516552.html,Vredestein,Snowtrac 5,205,55,16,91,H,88.59
https://www.tirendo.fr/dunlop-sport-bluresponse-205-55-r16-91v-r-476177.html,Dunlop,Sport BluResponse,205,55,16,91,V,77.42
https://www.tirendo.fr/hankook-winter-i-cept-rs3--w462--205-55-r16-91h-r-462793.html,Hankook,Winter i*cept RS3 (W462),205,55,16,91,H,89.00
https://www.tirendo.fr/toyo-observe-s944-205-55-r16-91h-r-405426.html,Toyo,Observe S944,205,55,16,91,H,82.58
https://www.tirendo.fr/product/Atlander/16/R-551689,Atlander,LanderAllseason ATL55,205,55,16,91,V,89.07
https://www.tirendo.fr/product/Pirelli/16/D-154378,Pirelli,Powergy All Season SF 2,205,55,16,94,V,89.12
https://www.tirendo.fr/hankook-ventus-prime-3-k125-205-55-r16-91v-r-336737.html,Hankook,Ventus Prime 3 K125,205,55,16,91,V,89.14
https://www.tirendo.fr/lassa-revola-205-55-r16-94w-r-510388.html,Lassa,Revola,205,55,16,94,W,89.24
https://www.tirendo.fr/product/RoadX/16/R-550034,RoadX,Multiseason,205,55,16,91,H,89.25
https://www.tirendo.fr/goodyear-vector-4-seasons-205-55-r16-94v-d-105272.html,Goodyear,Vector 4 Seasons,205,55,16,94,V,89.29
https://www.tirendo.fr/roadstone-n-priz-4-seasons-205-55-r16-94h-r-494676.html,Roadstone,N PRIZ 4 SEASONS,205,55,16,94,H,80.86
https://www.tirendo.fr/semperit-speed-grip-5-205-55-r16-91h-d-124902.html,Semperit,Speed-Grip 5,205,55,16,91,H,89.39
https://www.tirendo.fr/hankook-ventus-prime-4-k135-205-55-r16-91h-r-536665.html,Hankook,Ventus Prime 4 K135,205,55,16,91,H,73.23
https://www.tirendo.fr/falken-ziex-ze310a-ecorun-205-55-r16-91v-r-453598.html,Falken,ZIEX ZE310A ECORUN,205,55,16,91,V,89.49
https://www.tirendo.fr/yokohama-advan-sport--v105--205-55-r16-91v-r-219140.html,Yokohama,Advan Sport (V105),205,55,16,91,V,89.60
https://www.tirendo.fr/kumho-wintercraft-wp52-205-55-r16-91t-d-126936.html,Kumho,WinterCraft WP52,205,55,16,91,T,89.64
https://www.tirendo.fr/hi-fly-win-turi-212-205-55-r16-91h-r-248896.html,HI FLY,Win-Turi 212,205,55,16,91,H,89.68
https://www.tirendo.fr/onyx-ny-901-205-55-r16-94w-r-546330.html,Onyx,NY-901,205,55,16,94,W,89.75
https://www.tirendo.fr/pirelli-cinturato-all-season-plus-205-55-r16-91v-d-130097.html,Pirelli,Cinturato All Season Plus,205,55,16,91,V,89.77
https://www.tirendo.fr/gt-radial-champiro-winterpro-hp-205-55-r16-94v-r-366524.html,GT Radial,CHAMPIRO WINTERPRO HP,205,55,16,94,V,89.78
https://www.tirendo.fr/semperit-speed-grip-5-205-55-r16-94h-d-124901.html,Semperit,Speed-Grip 5,205,55,16,94,H,89.84
https://www.tirendo.fr/kleber-dynaxer-hp-4-205-55-r16-94v-r-454462.html,Kleber,Dynaxer HP 4,205,55,16,94,V,68.96
https://www.tirendo.fr/fulda-kristall-control-hp2-205-55-r16-94v-r-319422.html,Fulda,Kristall Control HP2,205,55,16,94,V,89.89
https://www.tirendo.fr/bridgestone-turanza-all-season-6-205-55-r16-91h-r-491866.html,Bridgestone,Turanza All season 6,205,55,16,91,H,89.98
https://www.tirendo.fr/triangle-icelynx-ti501-205-55-r16-94t-r-449045.html,Triangle,Icelynx TI501,205,55,16,94,T,90.00
https://www.tirendo.fr/sebring-all-season-205-55-r16-91h-r-451280.html,Sebring,All Season,205,55,16,91,H,90.03
https://www.tirendo.fr/dunlop-winter-sport-5-205-55-r16-91t-r-403994.html,Dunlop,Winter Sport 5,205,55,16,91,T,89.13
https://www.tirendo.fr/nokian-snowproof-1-205-55-r16-91h-r-487888.html,Nokian,Snowproof 1,205,55,16,91,H,90.20
https://www.tirendo.fr/product/Cooper/16/D-146085,Cooper,Winter,205,55,16,91,H,90.29
https://www.tirendo.fr/goodyear-vector-all-season-4-205-55-r16-91v-d-155578.html,Goodyear,Vector All Season 4,205,55,16,91,V,90.29
https://www.tirendo.fr/michelin-primacy-4--205-55-r16-91v-d-126275.html,Michelin,Primacy 4+,205,55,16,91,V,90.30
https://www.tirendo.fr/evergreen-eh226-205-55-r16-94v-r-293759.html,Evergreen,Dynacomfort EH226,205,55,16,94,V,90.33
https://www.tirendo.fr/matador-mp93-nordicca-205-55-r16-94v-d-123692.html,Matador,MP93 Nordicca,205,55,16,94,V,76.56
https://www.tirendo.fr/goodyear-efficientgrip-performance-205-55-r16-91v-r-419280.html,Goodyear,EfficientGrip Performance,205,55,16,91,V,90.40
https://www.tirendo.fr/vredestein-wintrac-205-55-r16-91t-r-430784.html,Vredestein,Wintrac,205,55,16,91,T,84.38
https://www.tirendo.fr/continental-ultracontact-205-55-r16-91v-d-126052.html,Continental,UltraContact,205,55,16,91,V,90.47
https://www.tirendo.fr/kenda-wintergen-2-kr501-205-55-r16-94h-r-475369.html,Kenda,Wintergen 2 KR501,205,55,16,94,H,90.47
https://www.tirendo.fr/pirelli-powergy-winter-2-205-55-r16-94v-d-154409.html,Pirelli,Powergy Winter 2,205,55,16,94,V,90.55
https://www.tirendo.fr/kleber-krisalp-hp-3-205-55-r16-91t-r-317508.html,Kleber,Krisalp HP 3,205,55,16,91,T,90.57
https://www.tirendo.fr/goldline-gl-4season-205-55-r16-94v-r-541373.html,Goldline,GL 4Season,205,55,16,94,V,90.69
https://www.tirendo.fr/pirelli-cinturato-p1-205-55-r16-91v-r-209469.html,Pirelli,Cinturato P1,205,55,16,91,V,90.72
https://www.tirendo.fr/kleber-dynaxer-hp-4-205-55-r16-91h-r-454459.html,Kleber,Dynaxer HP 4,205,55,16,91,H,90.86
https://www.tirendo.fr/kumho-wintercraft-wp52--205-55-r16-94v-d-141776.html,Kumho,WinterCraft WP52+,205,55,16,94,V,90.90
https://www.tirendo.fr/continental-premiumcontact-7-205-55-r16-91v-d-126966.html,Continental,PremiumContact 7,205,55,16,91,V,91.06
https://www.tirendo.fr/tigar-all-season-205-55-r16-91v-r-419980.html,Tigar,All Season,205,55,16,91,V,91.07
https://www.tirendo.fr/nankang-noble-sport-ns-20-205-55-r16-94v-r-198791.html,Nankang,Noble Sport NS-20,205,55,16,94,V,91.10
https://www.tirendo.fr/pirelli-cinturato-winter-205-55-r16-91h-r-477045.html,Pirelli,Cinturato Winter,205,55,16,91,H,91.66
https://www.tirendo.fr/pirelli-cinturato-all-season-plus-205-55-r16-91v-r-481529.html,Pirelli,Cinturato All Season Plus,205,55,16,91,V,88.21
https://www.tirendo.fr/barum-polaris-6-205-55-r16-94v-r-496079.html,Barum,Polaris 6,205,55,16,94,V,91.23
https://www.tirendo.fr/product/Falken/16/R-543466,Falken,EUROWINTER HS02,205,55,16,94,V,91.30
https://www.tirendo.fr/dynamo-street-h-mu02-rft-205-55-r16-94w-r-486668.html,Dynamo,Street-H MU02 RFT,205,55,16,94,W,91.31
https://www.tirendo.fr/pirelli-powergy-all-season-sf-205-55-r16-94v-d-135523.html,Pirelli,Powergy All Season SF,205,55,16,94,V,91.34
https://www.tirendo.fr/continental-allseasoncontact-2-205-55-r16-94h-d-127966.html,Continental,AllSeasonContact 2,205,55,16,94,H,91.40
https://www.tirendo.fr/vredestein-ultrac-205-55-r16-91h-r-441649.html,Vredestein,Ultrac,205,55,16,91,H,67.49
https://www.tirendo.fr/laufenn-i-fit-iz-lw51-205-55-r16-91t-r-401889.html,Laufenn,I Fit IZ LW51,205,55,16,91,T,91.56
https://www.tirendo.fr/product/Nankang/16/R-531044,Nankang,Sportnex AS-3,205,55,16,94,W,91.69
https://www.tirendo.fr/sunfull-sf-500-ev-205-55-r16-94v-r-509926.html,Sunfull,SF-500 ev,205,55,16,94,V,91.72
https://www.tirendo.fr/nexen-n-blue-4-season-205-55-r16-94v-r-387937.html,Nexen,N blue 4 Season,205,55,16,94,V,91.80
https://www.tirendo.fr/dunlop-blue-response-tg-205-55-r16-94h-d-146184.html,Dunlop,Blue Response TG,205,55,16,94,H,91.87
https://www.tirendo.fr/goodyear-vector-4-seasons-gen-3-205-55-r16-94v-r-534834.html,Goodyear,Vector 4 Seasons Gen-3,205,55,16,94,V,91.90
https://www.tirendo.fr/pirelli-powergy-winter-205-55-r16-91h-d-135533.html,Pirelli,Powergy Winter,205,55,16,91,H,91.63
https://www.tirendo.fr/goodride-sw608-205-55-r16-91t-r-190992.html,Goodride,SW608,205,55,16,91,T,91.95
https://www.tirendo.fr/nordexx-wintersafe-205-55-r16-91h-r-381493.html,Nordexx,WinterSafe,205,55,16,91,H,92.00
https://www.tirendo.fr/product/Lassa/16/R-553266,Lassa,Snoways 5,205,55,16,94,V,92.01
https://www.tirendo.fr/michelin-primacy-4--205-55-r16-91h-d-126325.html,Michelin,Primacy 4+,205,55,16,91,H,92.09
https://www.tirendo.fr/hankook-ventus-prime-4-k135-205-55-r16-94w-d-125728.html,Hankook,Ventus Prime 4 K135,205,55,16,94,W,78.20
https://www.tirendo.fr/firestone-winterhawk-4-205-55-r16-94v-d-123161.html,Firestone,Winterhawk 4,205,55,16,94,V,92.30
https://www.tirendo.fr/firestone-winterhawk-4-205-55-r16-94h-d-123183.html,Firestone,Winterhawk 4,205,55,16,94,H,92.33
https://www.tirendo.fr/sailun-ice-blazer-ws-t3-205-55-r16-94t-r-385945.html,Sailun,Ice Blazer WS T3,205,55,16,94,T,82.22
https://www.tirendo.fr/kenda-wintergen-2-kr501-205-55-r16-91t-r-475367.html,Kenda,Wintergen 2 KR501,205,55,16,91,T,92.37
https://www.tirendo.fr/goodyear-vector-all-season-4-205-55-r16-94v-d-155579.html,Goodyear,Vector All Season 4,205,55,16,94,V,92.39
https://www.tirendo.fr/hankook-ion-st-as--ih61--205-55-r16-94v-r-500309.html,Hankook,iON ST AS (IH61),205,55,16,94,V,92.39
https://www.tirendo.fr/laufenn-g-fit-4s-lh71-205-55-r16-94v-d-130766.html,Laufenn,G Fit 4S LH71,205,55,16,94,V,105.02
https://www.tirendo.fr/lassa-greenways-205-55-r16-91v-r-375663.html,Lassa,Greenways,205,55,16,91,V,92.55
https://www.tirendo.fr/bridgestone-turanza-eco-205-55-r16-91h-r-399700.html,Bridgestone,Turanza Eco,205,55,16,91,H,92.56
https://www.tirendo.fr/nexen-winguard-ice-3-205-55-r16-91t-r-527768.html,Nexen,Winguard Ice 3,205,55,16,91,T,84.23
https://www.tirendo.fr/sebring-summer-3-205-55-r16-91v-r-535975.html,Sebring,Summer 3,205,55,16,91,V,92.61
https://www.tirendo.fr/sebring-summer-3-205-55-r16-94v-r-535982.html,Sebring,Summer 3,205,55,16,94,V,92.61
https://www.tirendo.fr/product/Crosswind/16/R-553892,Crosswind,Grip Peak Winter,205,55,16,91,H,92.65
https://www.tirendo.fr/bridgestone-ecopia-ep150-205-55-r16-91v-r-410174.html,Bridgestone,Ecopia EP150,205,55,16,91,V,82.46
https://www.tirendo.fr/leao-i-green-allseason-205-55-r16-91v-r-532896.html,Leao,I-Green Allseason,205,55,16,91,V,92.85
https://www.tirendo.fr/kleber-krisalp-hp-3-205-55-r16-94h-r-317510.html,Kleber,Krisalp HP 3,205,55,16,94,H,92.89
https://www.tirendo.fr/avon-wx7-winter-205-55-r16-91h-d-127360.html,Avon,WX7 Winter,205,55,16,91,H,92.99
https://www.tirendo.fr/bf-goodrich-g-force-winter-2-205-55-r16-91t-r-331104.html,BF Goodrich,g-Force Winter 2,205,55,16,91,T,93.03
https://www.tirendo.fr/yokohama-bluearth-winter--v906--205-55-r16-94h-r-427855.html,Yokohama,BluEarth-Winter (V906),205,55,16,94,H,93.05
https://www.tirendo.fr/kumho-wintercraft-wp52--205-55-r16-94v-d-141775.html,Kumho,WinterCraft WP52+,205,55,16,94,V,78.20
https://www.tirendo.fr/dynamo-snow-h-mwh02-205-55-r16-91h-r-455023.html,Dynamo,Snow-H MWH02,205,55,16,91,H,93.19
https://www.tirendo.fr/laufenn-i-fit-lw31-205-55-r16-91t-r-326673.html,Laufenn,I Fit LW31,205,55,16,91,T,93.31
https://www.tirendo.fr/falken-eurowinter-hs02-205-55-r16-91h-d-127455.html,Falken,EUROWINTER HS02,205,55,16,91,H,81.12
https://www.tirendo.fr/event-potentem-uhp-205-55-r16-94w-r-309851.html,Event,Potentem UHP,205,55,16,94,W,93.55
https://www.tirendo.fr/radar-rpx800-rft-205-55-r16-94w-r-371960.html,Radar,RPX800 RFT,205,55,16,94,W,93.57
https://www.tirendo.fr/nexen-winguard-ice-3-205-55-r16-94t-r-513887.html,Nexen,Winguard Ice 3,205,55,16,94,T,93.61
https://www.tirendo.fr/taurus-high-performance-205-55-r16-91w-r-374196.html,Taurus,High Performance,205,55,16,91,W,93.72
https://www.tirendo.fr/nokian-snowproof-2-205-55-r16-94h-r-512578.html,Nokian,Snowproof 2,205,55,16,94,H,93.75
https://www.tirendo.fr/pirelli-cinturato-p1-verde-205-55-r16-91v-r-228640.html,Pirelli,Cinturato P1 Verde,205,55,16,91,V,93.78
https://www.tirendo.fr/product/Sentury/16/R-551396,Sentury,Seasondragon 3,205,55,16,94,V,93.80
https://www.tirendo.fr/product/Sentury/16/R-550006,Sentury,Seasondragon 3,205,55,16,91,V,93.83
https://www.tirendo.fr/pirelli-cinturato-all-season-plus-205-55-r16-91v-r-355405.html,Pirelli,Cinturato All Season Plus,205,55,16,91,V,93.98
https://www.tirendo.fr/pirelli-cinturato-winter-205-55-r16-91h-r-291595.html,Pirelli,Cinturato Winter,205,55,16,91,H,94.00
https://www.tirendo.fr/roadx-rxmotion-h12-205-55-r16-91v-r-534292.html,RoadX,RXMotion H12,205,55,16,91,V,94.00
https://www.tirendo.fr/gt-radial-4-seasons-205-55-r16-94v-r-526791.html,GT Radial,4 Seasons,205,55,16,94,V,94.02
https://www.tirendo.fr/sportiva-snowwin-3-205-55-r16-94v-r-476480.html,Sportiva,SnowWin 3,205,55,16,94,V,94.25
https://www.tirendo.fr/apollo-alnac-4g-winter-205-55-r16-94v-r-509737.html,Apollo,Alnac 4G Winter,205,55,16,94,V,94.29
https://www.tirendo.fr/dunlop-winter-sport-5-205-55-r16-91h-r-404583.html,Dunlop,Winter Sport 5,205,55,16,91,H,94.35
https://www.tirendo.fr/cooper-discoverer-winter-205-55-r16-94v-r-431745.html,Cooper,Discoverer Winter,205,55,16,94,V,94.38
https://www.tirendo.fr/falken-eurowinter-hs02-205-55-r16-94v-d-127456.html,Falken,EUROWINTER HS02,205,55,16,94,V,94.43
https://www.tirendo.fr/hankook-winter-i-cept-rs3--w462--205-55-r16-94h-d-131051.html,Hankook,Winter i*cept RS3 (W462),205,55,16,94,H,88.54
https://www.tirendo.fr/dynamo-street-h-mh01-205-55-r16-91v-r-544586.html,Dynamo,Street-H MH01,205,55,16,91,V,94.52
https://www.tirendo.fr/roadx-rxmotion-du71-205-55-r16-94y-r-509588.html,RoadX,RXMotion DU71,205,55,16,94,Y,94.59
https://www.tirendo.fr/hankook-ventus-prime-4-k135-205-55-r16-91w-d-132518.html,Hankook,Ventus Prime 4 K135,205,55,16,91,W,94.70
https://www.tirendo.fr/gt-radial-winterpro2-205-55-r16-91h-r-495907.html,GT Radial,WinterPro2,205,55,16,91,H,60.66
https://www.tirendo.fr/orium-winter-205-55-r16-91t-r-435781.html,Orium,Winter,205,55,16,91,T,95.22
https://www.tirendo.fr/goodyear-ultragrip-performance-3-205-55-r16-91t-d-131497.html,Goodyear,UltraGrip Performance 3,205,55,16,91,T,95.29
https://www.tirendo.fr/falken-ziex-ze310-ecorun-205-55-r16-91v-r-364738.html,Falken,ZIEX ZE310 ECORUN,205,55,16,91,V,68.59
https://www.tirendo.fr/bridgestone-turanza-6-205-55-r16-94v-r-499639.html,Bridgestone,Turanza 6,205,55,16,94,V,95.36
https://www.tirendo.fr/pirelli-cinturato-all-season-sf-3-205-55-r16-94v-r-499448.html,Pirelli,Cinturato All Season SF 3,205,55,16,94,V,95.41
https://www.tirendo.fr/semperit-all-season-grip-205-55-r16-91h-r-415255.html,Semperit,All Season-Grip,205,55,16,91,H,95.44
https://www.tirendo.fr/kumho-ecowing-es31-205-55-r16-91h-d-132236.html,Kumho,EcoWing ES31,205,55,16,91,H,89.20
https://www.tirendo.fr/hankook-ventus-prime-3-k125-205-55-r16-94h-r-407585.html,Hankook,Ventus Prime 3 K125,205,55,16,94,H,95.57
https://www.tirendo.fr/dunlop-sp-winter-sport-3d-runflat-205-55-r16-91h-r-203248.html,Dunlop,SP Winter Sport 3D RunFlat,205,55,16,91,H,95.68
https://www.tirendo.fr/vredestein-wintrac-205-55-r16-94h-r-430782.html,Vredestein,Wintrac,205,55,16,94,H,104.20
https://www.tirendo.fr/kumho-solus-4s-ha32-205-55-r16-94v-d-125049.html,Kumho,Solus 4S HA32,205,55,16,94,V,95.79
https://www.tirendo.fr/kumho-wintercraft-wp52-205-55-r16-94h-r-487587.html,Kumho,WinterCraft WP52,205,55,16,94,H,95.82
https://www.tirendo.fr/grenlander-greenwing-a-s-205-55-r16-94v-r-416438.html,Grenlander,Greenwing A/S,205,55,16,94,V,95.85
https://www.tirendo.fr/transmate-transeason-4s-205-55-r16-91v-r-510151.html,Transmate,Transeason 4S,205,55,16,91,V,95.85
https://www.tirendo.fr/trazano-sw618-205-55-r16-91h-r-531135.html,Trazano,SW618,205,55,16,91,H,95.86
https://www.tirendo.fr/bf-goodrich-g-force-winter-2-205-55-r16-94h-r-331065.html,BF Goodrich,g-Force Winter 2,205,55,16,94,H,90.59
https://www.tirendo.fr/bridgestone-turanza-t005-205-55-r16-91w-r-394791.html,Bridgestone,Turanza T005,205,55,16,91,W,109.19
https://www.tirendo.fr/bridgestone-turanza-t005-205-55-r16-91w-r-330389.html,Bridgestone,Turanza T005,205,55,16,91,W,96.02
https://www.tirendo.fr/product/Fronway/16/R-553317,Fronway,Icepower 868,205,55,16,91,H,96.13
https://www.tirendo.fr/pirelli-cinturato-c3-205-55-r16-94v-d-139701.html,Pirelli,Cinturato C3,205,55,16,94,V,96.20
https://www.tirendo.fr/continental-allseasoncontact-2-205-55-r16-91h-d-127964.html,Continental,AllSeasonContact 2,205,55,16,91,H,96.26
https://www.tirendo.fr/nankang-noble-sport-ns-20-205-55-r16-94w-r-196995.html,Nankang,Noble Sport NS-20,205,55,16,94,W,96.26
https://www.tirendo.fr/continental-allseasoncontact---contire.tex-205-55-r16-91h-d-127200.html,Continental,AllSeasonContact - ContiRe.Tex,205,55,16,91,H,96.29
https://www.tirendo.fr/sunny-na302-sport-macro-205-55-r16-91v-r-387463.html,Sunny,NA302 Sport Macro,205,55,16,91,V,96.29
https://www.tirendo.fr/delinte-ds2-205-55-r16-94w-r-504310.html,Delinte,DS2,205,55,16,94,W,98.44
https://www.tirendo.fr/continental-allseasoncontact-2-205-55-r16-91v-d-127965.html,Continental,AllSeasonContact 2,205,55,16,91,V,94.45
https://www.tirendo.fr/bridgestone-turanza-6-205-55-r16-91w-r-501535.html,Bridgestone,Turanza 6,205,55,16,91,W,96.59
https://www.tirendo.fr/continental-ecocontact-6-205-55-r16-91v-r-537513.html,Continental,EcoContact 6,205,55,16,91,V,96.66
https://www.tirendo.fr/evergreen-eh23-205-55-r16-94v-r-243228.html,Evergreen,EH23,205,55,16,94,V,96.68
https://www.tirendo.fr/bf-goodrich-g-force-winter-2-205-55-r16-94v-r-331108.html,BF Goodrich,g-Force Winter 2,205,55,16,94,V,96.89
https://www.tirendo.fr/kumho-wintercraft-ice-wi51-205-55-r16-94t-d-128611.html,Kumho,WinterCraft ice Wi51,205,55,16,94,T,82.79
https://www.tirendo.fr/hankook-winter-i-cept-rs3--w462--205-55-r16-94v-r-462515.html,Hankook,Winter i*cept RS3 (W462),205,55,16,94,V,94.47
https://www.tirendo.fr/hankook-winter-i-cept-rs3--w462--205-55-r16-94h-r-462754.html,Hankook,Winter i*cept RS3 (W462),205,55,16,94,H,89.58
https://www.tirendo.fr/hankook-winter-i-cept-rs3--w462--205-55-r16-94h-r-462508.html,Hankook,Winter i*cept RS3 (W462),205,55,16,94,H,97.15
https://www.tirendo.fr/hankook-ventus-prime-3-k125-205-55-r16-94w-r-301571.html,Hankook,Ventus Prime 3 K125,205,55,16,94,W,97.20
https://www.tirendo.fr/toyo-observe-s944-205-55-r16-94v-r-405427.html,Toyo,Observe S944,205,55,16,94,V,78.28
https://www.tirendo.fr/yokohama-advan-sport--v103s--zps-205-55-r16-91w-r-287378.html,Yokohama,Advan Sport (V103S) ZPS,205,55,16,91,W,97.40
https://www.tirendo.fr/giti-gitisynergy-h2--205-55-r16-94v-r-545474.html,Giti,GitiSynergy H2+,205,55,16,94,V,97.46
https://www.tirendo.fr/product/Atlander/16/R-529590,Atlander,Lander Studs Atl77,205,55,16,94,T,97.60
https://www.tirendo.fr/dunlop-winter-205-55-r16-94v-d-141414.html,Dunlop,Winter,205,55,16,94,V,97.65
https://www.tirendo.fr/altenzo-sports-tempest-i-205-55-r16-94h-r-491576.html,Altenzo,Sports Tempest I,205,55,16,94,H,97.68
https://www.tirendo.fr/hankook-ventus-prime-4-k135-205-55-r16-91w-d-125722.html,Hankook,Ventus Prime 4 K135,205,55,16,91,W,97.74
https://www.tirendo.fr/michelin-e-primacy-205-55-r16-91v-r-440108.html,Michelin,E Primacy,205,55,16,91,V,97.74
https://www.tirendo.fr/goodyear-efficientgrip-performance-2-205-55-r16-94v-r-474887.html,Goodyear,EfficientGrip Performance 2,205,55,16,94,V,97.79
https://www.tirendo.fr/kenda-kr27-205-55-r16-94t-r-433235.html,Kenda,KR27,205,55,16,94,T,82.22
https://www.tirendo.fr/continental-contiecocontact-5-205-55-r16-91w-r-216013.html,Continental,ContiEcoContact 5,205,55,16,91,W,98.08
https://www.tirendo.fr/pirelli-cinturato-p7-205-55-r16-91v-r-209467.html,Pirelli,Cinturato P7,205,55,16,91,V,98.23
https://www.tirendo.fr/pirelli-cinturato-p7-205-55-r16-91v-r-230108.html,Pirelli,Cinturato P7,205,55,16,91,V,98.23
https://www.tirendo.fr/sunny-wintermax-nw211-205-55-r16-91t-r-279503.html,Sunny,Wintermax NW211,205,55,16,91,T,98.23
https://www.tirendo.fr/dunlop-winter-sport-5-205-55-r16-94v-r-403999.html,Dunlop,Winter Sport 5,205,55,16,94,V,98.39
https://www.tirendo.fr/landsail-qirin-990-205-55-r16-94w-r-532737.html,Landsail,Qirin 990,205,55,16,94,W,98.57
https://www.tirendo.fr/pirelli-cinturato-p7--p7c2--205-55-r16-91v-r-411564.html,Pirelli,Cinturato P7 (P7C2),205,55,16,91,V,98.62
https://www.tirendo.fr/michelin-primacy-4-205-55-r16-91w-r-402736.html,Michelin,Primacy 4,205,55,16,91,W,98.75
https://www.tirendo.fr/product/Headway/16/R-547188,Headway,PMS01,205,55,16,94,V,98.75
https://www.tirendo.fr/continental-contiecocontact-5-205-55-r16-91v-r-526345.html,Continental,ContiEcoContact 5,205,55,16,91,V,98.79
https://www.tirendo.fr/product/Continental/16/R-526346,Continental,ContiEcoContact 5,205,55,16,91,H,98.81
https://www.tirendo.fr/austone-glacia-ice-205-55-r16-94t-r-529209.html,AUSTONE,Glacia Ice,205,55,16,94,T,98.82
https://www.tirendo.fr/kenda-wintergen-2-kr501-205-55-r16-91t-r-532289.html,Kenda,Wintergen 2 KR501,205,55,16,91,T,92.34
https://www.tirendo.fr/dunlop-sp-sport-maxx-tt-205-55-r16-91w-r-498741.html,Dunlop,SP Sport Maxx TT,205,55,16,91,W,98.89
https://www.tirendo.fr/toyo-observe-s944-205-55-r16-91h-r-450946.html,Toyo,Observe S944,205,55,16,91,H,98.92
https://www.tirendo.fr/michelin-primacy-5-205-55-r16-91v-d-139377.html,Michelin,Primacy 5,205,55,16,91,V,98.99
https://www.tirendo.fr/bridgestone-turanza-t005-205-55-r16-91v-r-399780.html,Bridgestone,Turanza T005,205,55,16,91,V,98.99
https://www.tirendo.fr/continental-ecocontact-6-205-55-r16-91w-r-475860.html,Continental,EcoContact 6,205,55,16,91,W,98.99
https://www.tirendo.fr/kleber-krisalp-hp-3-205-55-r16-94v-r-317511.html,Kleber,Krisalp HP 3,205,55,16,94,V,99.02
https://www.tirendo.fr/sunny-wintermax-nw211-205-55-r16-91h-r-519557.html,Sunny,Wintermax NW211,205,55,16,91,H,53.12
https://www.tirendo.fr/marshal-wintercraft-ice-wi31--205-55-r16-94t-r-530406.html,Marshal,WinterCraft ice Wi31+,205,55,16,94,T,99.09
https://www.tirendo.fr/hankook-ventus-prime-3-k125-205-55-r16-91v-r-301570.html,Hankook,Ventus Prime 3 K125,205,55,16,91,V,99.11
https://www.tirendo.fr/continental-allseasoncontact-2-205-55-r16-94v-d-127967.html,Continental,AllSeasonContact 2,205,55,16,94,V,99.16
https://www.tirendo.fr/roadstone-winguard-ice-205-55-r16-91q-r-327838.html,Roadstone,Winguard Ice,205,55,16,91,Q,99.16
https://www.tirendo.fr/nexen-winguard-snowg-wh2-205-55-r16-91h-r-350334.html,Nexen,Winguard SnowG WH2,205,55,16,91,H,99.18
https://www.tirendo.fr/kormoran-snow-205-55-r16-94h-r-378038.html,Kormoran,Snow,205,55,16,94,H,99.23
https://www.tirendo.fr/premiorri-solazo-205-55-r16-91v-r-302179.html,Premiorri,Solazo,205,55,16,91,V,99.29
https://www.tirendo.fr/michelin-crossclimate---205-55-r16-94v-r-399829.html,Michelin,CrossClimate +,205,55,16,94,V,99.29
https://www.tirendo.fr/kingstar-sw-40-205-55-r16-94t-r-164768.html,Kingstar,SW 40,205,55,16,94,T,99.31
https://www.tirendo.fr/goodyear-ultragrip-performance-3-205-55-r16-91h-d-131496.html,Goodyear,UltraGrip Performance 3,205,55,16,91,H,99.49
https://www.tirendo.fr/hankook-ventus-prime-4-k135-205-55-r16-94v-d-125725.html,Hankook,Ventus Prime 4 K135,205,55,16,94,V,76.69
https://www.tirendo.fr/triangle-snow-lion-tr777-205-55-r16-94v-r-386208.html,Triangle,Snow Lion TR777,205,55,16,94,V,99.55
https://www.tirendo.fr/nexen-winguard-ice-plus-205-55-r16-91t-r-386138.html,Nexen,Winguard Ice Plus,205,55,16,91,T,99.88
https://www.tirendo.fr/vredestein-wintrac-205-55-r16-94v-d60578.html,Vredestein,Wintrac,205,55,16,94,V,99.98
https://www.tirendo.fr/dunlop-winter-sport-5-205-55-r16-94h-r-403997.html,Dunlop,Winter Sport 5,205,55,16,94,H,100.13
https://www.tirendo.fr/bridgestone-blizzak-6-205-55-r16-91h-d-135062.html,Bridgestone,Blizzak 6,205,55,16,91,H,100.29
https://www.tirendo.fr/falken-ziex-ze310-ecorun-205-55-r16-94v-r-364741.html,Falken,ZIEX ZE310 ECORUN,205,55,16,94,V,100.30
https://www.tirendo.fr/hankook-winter-i-cept-evo--w320--205-55-r16-91h-r-280793.html,Hankook,Winter i*cept evo� (W320),205,55,16,91,H,100.36
https://www.tirendo.fr/uniroyal-winterexpert-205-55-r16-94v-d-123581.html,Uniroyal,WinterExpert,205,55,16,94,V,100.39
https://www.tirendo.fr/bridgestone-turanza-t005-205-55-r16-91w-r-368906.html,Bridgestone,Turanza T005,205,55,16,91,W,85.43
https://www.tirendo.fr/giti-winter-w2-205-55-r16-91h-r-454096.html,Giti,Winter W2,205,55,16,91,H,51.59
https://www.tirendo.fr/hankook-winter-i-cept-evo--w320--205-55-r16-91h-r-292138.html,Hankook,Winter i*cept evo� (W320),205,55,16,91,H,100.47
https://www.tirendo.fr/milever-winter-max-s1-mw675-205-55-r16-94t-d-134282.html,Milever,Winter Max-S1 MW675,205,55,16,94,T,100.55
https://www.tirendo.fr/hankook-kinergy-4s-h750b-hrs-205-55-r16-94w-r-453759.html,Hankook,Kinergy 4S� H750B HRS,205,55,16,94,W,100.60
https://www.tirendo.fr/michelin-primacy-3-zp-205-55-r16-91w-r-258921.html,Michelin,Primacy 3 ZP,205,55,16,91,W,100.88
https://www.tirendo.fr/hankook-ventus-prime-3-k125b-hrs-205-55-r16-91w-r-407553.html,Hankook,Ventus Prime 3 K125B HRS,205,55,16,91,W,100.88
https://www.tirendo.fr/goodyear-vector-4-seasons-gen-2-205-55-r16-91h-r-365392.html,Goodyear,Vector 4 Seasons Gen-2,205,55,16,91,H,100.95
https://www.tirendo.fr/trazano-z507-205-55-r16-91v-r-498548.html,Trazano,Z507,205,55,16,91,V,100.99
https://www.tirendo.fr/product/Aptany/16/R-552960,Aptany,RW211,205,55,16,91,H,101.14
https://www.tirendo.fr/comforser-cf1100-205-55-r16-94h-r-522952.html,Comforser,CF1100,205,55,16,94,H,101.39
https://www.tirendo.fr/continental-ecocontact-6-205-55-r16-91w-r-512191.html,Continental,EcoContact 6,205,55,16,91,W,104.25
https://www.tirendo.fr/hankook-ventus-prime-3-k125b-hrs-205-55-r16-91w-r-390209.html,Hankook,Ventus Prime 3 K125B HRS,205,55,16,91,W,101.44
https://www.tirendo.fr/austone-sp-802-205-55-r16-91v-r-460736.html,AUSTONE,SP-802,205,55,16,91,V,101.54
https://www.tirendo.fr/continental-contiecocontact-5-205-55-r16-91v-r-196355.html,Continental,ContiEcoContact 5,205,55,16,91,V,101.82
https://www.tirendo.fr/laufenn-s-fit-eq--lk01-205-55-r16-91h-d-125873.html,Laufenn,S Fit EQ+ LK01,205,55,16,91,H,55.11
https://www.tirendo.fr/hi-fly-win-turi-215-205-55-r16-91h-r-278510.html,HI FLY,Win-Turi 215,205,55,16,91,H,101.93
https://www.tirendo.fr/michelin-crossclimate-2-205-55-r16-94v-r-440226.html,Michelin,CrossClimate 2,205,55,16,94,V,102.04
https://www.tirendo.fr/pirelli-cinturato-winter-2-205-55-r16-91h-r-448465.html,Pirelli,Cinturato Winter 2,205,55,16,91,H,97.94
https://www.tirendo.fr/kleber-dynaxer-hp-4-205-55-r16-94w-r-454460.html,Kleber,Dynaxer HP 4,205,55,16,94,W,102.49
https://www.tirendo.fr/kormoran-stud2-205-55-r16-94t-r-376081.html,Kormoran,Stud2,205,55,16,94,T,82.13
https://www.tirendo.fr/continental-contipremiumcontact-ssr-205-55-r16-91v-r-376917.html,Continental,ContiPremiumContact SSR,205,55,16,91,V,102.74
https://www.tirendo.fr/lanvigator-catchfors-a-s-2-205-55-r16-94w-r-500474.html,Lanvigator,Catchfors A/S 2,205,55,16,94,W,105.02
https://www.tirendo.fr/hankook-winter-i-cept-rs3--w462b--hrs-205-55-r16-91h-r-462578.html,Hankook,Winter i*cept RS3 (W462B) HRS,205,55,16,91,H,102.84
https://www.tirendo.fr/goodyear-ultragrip-performance-gen-1-205-55-r16-91h-r-379676.html,Goodyear,UltraGrip Performance GEN-1,205,55,16,91,H,102.89
https://www.tirendo.fr/goodyear-efficientgrip-performance-205-55-r16-91h-r-234519.html,Goodyear,EfficientGrip Performance,205,55,16,91,H,103.82
https://www.tirendo.fr/michelin-crossclimate-3-205-55-r16-94v-d-141991.html,Michelin,CrossClimate 3,205,55,16,94,V,104.00
https://www.tirendo.fr/orium-winter-205-55-r16-94h-r-357913.html,Orium,Winter,205,55,16,94,H,104.10
https://www.tirendo.fr/michelin-crossclimate-3-205-55-r16-91w-d-141992.html,Michelin,CrossClimate 3,205,55,16,91,W,104.48
https://www.tirendo.fr/michelin-primacy-5-205-55-r16-91w-d-139319.html,Michelin,Primacy 5,205,55,16,91,W,104.58
https://www.tirendo.fr/michelin-crossclimate-2-205-55-r16-91h-r-440142.html,Michelin,CrossClimate 2,205,55,16,91,H,100.97
https://www.tirendo.fr/kumho-wintercraft-wp52-205-55-r16-91h-d-131755.html,Kumho,WinterCraft WP52,205,55,16,91,H,104.87
https://www.tirendo.fr/michelin-crossclimate-3-205-55-r16-91h-d-141983.html,Michelin,CrossClimate 3,205,55,16,91,H,104.90
https://www.tirendo.fr/semperit-all-season-grip-205-55-r16-94v-r-415252.html,Semperit,All Season-Grip,205,55,16,94,V,105.00
https://www.tirendo.fr/michelin-primacy-5-energy-205-55-r16-91v-d-145609.html,Michelin,Primacy 5 Energy,205,55,16,91,V,99.22
https://www.tirendo.fr/product/Aptany/16/R-553133,Aptany,RW611,205,55,16,91,T,105.13
https://www.tirendo.fr/torque-tq022-205-55-r16-91h-r-545122.html,Torque,TQ022,205,55,16,91,H,105.38
https://www.tirendo.fr/semperit-speed-grip-5-205-55-r16-94v-d-124900.html,Semperit,Speed-Grip 5,205,55,16,94,V,105.39
https://www.tirendo.fr/michelin-primacy-5-205-55-r16-91h-d-139348.html,Michelin,Primacy 5,205,55,16,91,H,91.54
https://www.tirendo.fr/continental-ecocontact-6---contire.tex-205-55-r16-91v-r-501304.html,Continental,EcoContact 6 - ContiRe.Tex,205,55,16,91,V,92.47
https://www.tirendo.fr/arivo-winmaster-arw-2-205-55-r16-91h-r-434203.html,Arivo,Winmaster ARW 2,205,55,16,91,H,98.81
https://www.tirendo.fr/goodyear-efficientgrip-performance-205-55-r16-91v-r-423094.html,Goodyear,EfficientGrip Performance,205,55,16,91,V,106.00
https://www.tirendo.fr/sailun-atrezzo-zsr-205-55-r16-91w-r-309548.html,Sailun,Atrezzo ZSR,205,55,16,91,W,106.08
https://www.tirendo.fr/michelin-alpin-7-205-55-r16-91h-r-510251.html,Michelin,Alpin 7,205,55,16,91,H,106.33
https://www.tirendo.fr/milever-winter-max-a1-mw255-205-55-r16-91h-r-503038.html,Milever,Winter Max-A1 MW255,205,55,16,91,H,44.93
https://www.tirendo.fr/gt-radial-icepro-3-evo-205-55-r16-94t-r-496174.html,GT Radial,Icepro 3 Evo,205,55,16,94,T,106.46
https://www.tirendo.fr/michelin-crossclimate-3-205-55-r16-91v-d-141960.html,Michelin,CrossClimate 3,205,55,16,91,V,106.48
https://www.tirendo.fr/kumho-wintercraft-ice-wi32-205-55-r16-94t-d-128750.html,Kumho,WinterCraft ice Wi32,205,55,16,94,T,106.68
https://www.tirendo.fr/cooper-winter-205-55-r16-94v-d-146086.html,Cooper,Winter,205,55,16,94,V,106.69
https://www.tirendo.fr/michelin-primacy-5-205-55-r16-94h-d-139309.html,Michelin,Primacy 5,205,55,16,94,H,106.97
https://www.tirendo.fr/sailun-ice-blazer-alpine-plus-205-55-r16-91t-r-534072.html,Sailun,Ice Blazer Alpine Plus,205,55,16,91,T,107.11
https://www.tirendo.fr/dunlop-sp-winter-sport-4d-205-55-r16-91h-r-232370.html,Dunlop,SP Winter Sport 4D,205,55,16,91,H,99.38
https://www.tirendo.fr/continental-wintercontact-ts-870-205-55-r16-91t-r-420998.html,Continental,WinterContact TS 870,205,55,16,91,T,107.14
https://www.tirendo.fr/pirelli-cinturato-winter-3-205-55-r16-94h-d-141455.html,Pirelli,Cinturato Winter 3,205,55,16,94,H,107.34
https://www.tirendo.fr/hankook-winter-i-cept-rs3--w462--205-55-r16-94v-d-131050.html,Hankook,Winter i*cept RS3 (W462),205,55,16,94,V,104.08
https://www.tirendo.fr/avon-as7-all-season-205-55-r16-94v-r-437333.html,Avon,AS7 All Season,205,55,16,94,V,107.59
https://www.tirendo.fr/altenzo-sports-comforter-205-55-r16-94w-r-492794.html,Altenzo,Sports Comforter,205,55,16,94,W,107.63
https://www.tirendo.fr/bridgestone-turanza-er-300-205-55-r16-91h-d-112838.html,Bridgestone,Turanza ER 300,205,55,16,91,H,107.88
https://www.tirendo.fr/sentury-qirin-990-205-55-r16-94w-r-540502.html,Sentury,Qirin 990,205,55,16,94,W,108.01
https://www.tirendo.fr/product/Nexen/16/R-549310,Nexen,N blue 4 Season 2,205,55,16,94,V,108.20
https://www.tirendo.fr/product/Bridgestone/16/R-543275,Bridgestone,Blizzak 6,205,55,16,91,T,109.15
https://www.tirendo.fr/goodyear-ultragrip-performance-3-205-55-r16-94h-d-131498.html,Goodyear,UltraGrip Performance 3,205,55,16,94,H,109.49
https://www.tirendo.fr/hankook-ventus-prime-2-k115-205-55-r16-91v-r-193817.html,Hankook,Ventus Prime 2 K115,205,55,16,91,V,69.49
https://www.tirendo.fr/bridgestone-blizzak-lm-001-rft-205-55-r16-91h-r-320180.html,Bridgestone,Blizzak LM 001 RFT,205,55,16,91,H,110.44
https://www.tirendo.fr/continental-wintercontact-ts-870-205-55-r16-91h-r-420995.html,Continental,WinterContact TS 870,205,55,16,91,H,110.78
https://www.tirendo.fr/michelin-crossclimate-2-205-55-r16-91w-r-440148.html,Michelin,CrossClimate 2,205,55,16,91,W,111.07
https://www.tirendo.fr/laufenn-i-fit--lw31-205-55-r16-91t-d-130914.html,Laufenn,I Fit+ LW31,205,55,16,91,T,111.18
https://www.tirendo.fr/hankook-winter-i-cept-iz3-w636-205-55-r16-94h-r-507974.html,Hankook,Winter i*cept IZ3 W636,205,55,16,94,H,111.37
https://www.tirendo.fr/hankook-winter-i-cept-rs3--w462--205-55-r16-94v-r-462753.html,Hankook,Winter i*cept RS3 (W462),205,55,16,94,V,96.48
https://www.tirendo.fr/continental-ecocontact-6-205-55-r16-91w-r-384881.html,Continental,EcoContact 6,205,55,16,91,W,111.74
https://www.tirendo.fr/goodyear-ultragrip-performance-2-rof-205-55-r16-91h-r-463104.html,Goodyear,UltraGrip Performance 2 ROF,205,55,16,91,H,111.89
https://www.tirendo.fr/kumho-wintercraft-ice-wi51-205-55-r16-94t-d-129795.html,Kumho,WinterCraft ice Wi51,205,55,16,94,T,111.92
https://www.tirendo.fr/goodyear-vector-4-seasons-gen-2-205-55-r16-94v-r-327789.html,Goodyear,Vector 4 Seasons Gen-2,205,55,16,94,V,112.00
https://www.tirendo.fr/michelin-pilot-exalto-pe2-205-55-r16-91y-r-383228.html,Michelin,Pilot Exalto PE2,205,55,16,91,Y,117.28
https://www.tirendo.fr/torque-tq025-205-55-r16-94v-r-544914.html,Torque,TQ025,205,55,16,94,V,112.26
https://www.tirendo.fr/kumho-solus-vier-kh21-205-55-r16-91v-r-134896.html,Kumho,Solus Vier KH21,205,55,16,91,V,105.02
https://www.tirendo.fr/dunlop-winter-sport-5-205-55-r16-91h-r-281001.html,Dunlop,Winter Sport 5,205,55,16,91,H,74.93
https://www.tirendo.fr/michelin-alpin-7-205-55-r16-91t-d-134854.html,Michelin,Alpin 7,205,55,16,91,T,112.66
https://www.tirendo.fr/antares-ingens-a1-205-55-r16-91v-r-398536.html,Antares,Ingens A1,205,55,16,91,V,113.05
https://www.tirendo.fr/continental-ultracontact-205-55-r16-94v-d-126051.html,Continental,UltraContact,205,55,16,94,V,97.05
https://www.tirendo.fr/toyo-observe-gsi6-hp-205-55-r16-94h-r-401717.html,Toyo,Observe GSi6 HP,205,55,16,94,H,113.21
https://www.tirendo.fr/continental-contiwintercontact-ts-830p-205-55-r16-91h-d-119174.html,Continental,ContiWinterContact TS 830P,205,55,16,91,H,113.26
https://www.tirendo.fr/wanli-sw211-205-55-r16-91h-r-296383.html,Wanli,SW211,205,55,16,91,H,113.53
https://www.tirendo.fr/tourador-winter-pro-ts1-205-55-r16-91h-r-409857.html,Tourador,Winter Pro TS1,205,55,16,91,H,55.36
https://www.tirendo.fr/gislaved-euro-frost-6-205-55-r16-94h-r-362990.html,Gislaved,Euro*Frost 6,205,55,16,94,H,113.73
https://www.tirendo.fr/continental-allseasoncontact-2-ssr-205-55-r16-94v-d-127968.html,Continental,AllSeasonContact 2 SSR,205,55,16,94,V,113.77
https://www.tirendo.fr/goodyear-vector-4-seasons-gen-2-205-55-r16-91h-r-282193.html,Goodyear,Vector 4 Seasons Gen-2,205,55,16,91,H,113.99
https://www.tirendo.fr/continental-ecocontact-6-205-55-r16-91v-r-363625.html,Continental,EcoContact 6,205,55,16,91,V,88.27
https://www.tirendo.fr/continental-ecocontact-6-205-55-r16-94h-r-370032.html,Continental,EcoContact 6,205,55,16,94,H,114.18
https://www.tirendo.fr/product/Dunlop/16/D-146414,Dunlop,SP Sport Maxx TT,205,55,16,91,W,114.23
https://www.tirendo.fr/kleber-dynaxer-hp-4-205-55-r16-91v-r-388764.html,Kleber,Dynaxer HP 4,205,55,16,91,V,114.82
https://www.tirendo.fr/continental-contiwintercontact-ts-830p-205-55-r16-91h-r-187245.html,Continental,ContiWinterContact TS 830P,205,55,16,91,H,114.92
https://www.tirendo.fr/pirelli-cinturato-p7-run-flat-205-55-r16-91w-r-215687.html,Pirelli,Cinturato P7 Run Flat,205,55,16,91,W,115.45
https://www.tirendo.fr/maxxis-premitra-ice-5-sp5-205-55-r16-94t-d-131863.html,Maxxis,Premitra Ice 5 SP5,205,55,16,94,T,115.58
https://www.tirendo.fr/goodyear-efficientgrip-performance-205-55-r16-91w-r-313818.html,Goodyear,EfficientGrip Performance,205,55,16,91,W,115.99
https://www.tirendo.fr/bridgestone-turanza-t005-rft-205-55-r16-91w-r-394799.html,Bridgestone,Turanza T005 RFT,205,55,16,91,W,116.26
https://www.tirendo.fr/product/Pirelli/16/R-550225,Pirelli,Cinturato P7 (P7C2),205,55,16,91,V,116.28
https://www.tirendo.fr/bridgestone-turanza-all-season-6-driveguard-rft-205-55-r16-94v-d-132627.html,Bridgestone,Turanza All season 6 DriveGuard RFT,205,55,16,94,V,116.71
https://www.tirendo.fr/bridgestone-blizzak-lm-001-205-55-r16-91h-r-325925.html,Bridgestone,Blizzak LM 001,205,55,16,91,H,117.55
https://www.tirendo.fr/bridgestone-turanza-er-300a-rft-205-55-r16-91w-r-243767.html,Bridgestone,Turanza ER 300A RFT,205,55,16,91,W,117.59
https://www.tirendo.fr/pirelli-cinturato-p7--p7c2--205-55-r16-91v-r-448495.html,Pirelli,Cinturato P7 (P7C2),205,55,16,91,V,109.44
https://www.tirendo.fr/kleber-dynaxer-hp-4-205-55-r16-91w-r-388766.html,Kleber,Dynaxer HP 4,205,55,16,91,W,117.83
https://www.tirendo.fr/michelin-primacy-5-205-55-r16-94v-d-139351.html,Michelin,Primacy 5,205,55,16,94,V,118.08
https://www.tirendo.fr/bridgestone-blizzak-6-205-55-r16-94h-d-135061.html,Bridgestone,Blizzak 6,205,55,16,94,H,102.57
https://www.tirendo.fr/pirelli-cinturato-winter-2-205-55-r16-94h-r-448466.html,Pirelli,Cinturato Winter 2,205,55,16,94,H,112.82
https://www.tirendo.fr/yokohama-ice-guard-ig53-205-55-r16-91h-r-455637.html,Yokohama,Ice Guard IG53,205,55,16,91,H,118.79
https://www.tirendo.fr/fronway-fronwing-a-s-205-55-r16-94v-r-481211.html,Fronway,Fronwing A/S,205,55,16,94,V,119.47
https://www.tirendo.fr/barum-bravuris-6-205-55-r16-91w-d-136055.html,Barum,Bravuris 6,205,55,16,91,W,119.62
https://www.tirendo.fr/michelin-pilot-sport-4-205-55-r16-94-y--r-339006.html,Michelin,Pilot Sport 4,205,55,16,94,Y,119.68
https://www.tirendo.fr/michelin-x-ice-snow-205-55-r16-94h-r-420011.html,Michelin,X-Ice Snow,205,55,16,94,H,113.86
https://www.tirendo.fr/continental-ecocontact-6-ssr-205-55-r16-91w-r-512200.html,Continental,EcoContact 6 SSR,205,55,16,91,W,120.12
https://www.tirendo.fr/dunlop-sp-sport-maxx-tt-205-55-r16-91w-r-217397.html,Dunlop,SP Sport Maxx TT,205,55,16,91,W,120.17
https://www.tirendo.fr/pirelli-cinturato-p7-205-55-r16-91v-r-196864.html,Pirelli,Cinturato P7,205,55,16,91,V,120.30
https://www.tirendo.fr/continental-ecocontact-6-205-55-r16-94v-r-496100.html,Continental,EcoContact 6,205,55,16,94,V,104.04
https://www.tirendo.fr/nexen-winguard-winspike-3-205-55-r16-94t-r-430001.html,Nexen,Winguard Winspike 3,205,55,16,94,T,120.95
https://www.tirendo.fr/milever-milecomfort-mp071-205-55-r16-91v-d-134417.html,Milever,Milecomfort MP071,205,55,16,91,V,42.04
https://www.tirendo.fr/laufenn-s-fit-eq--lk01-205-55-r16-91h-d-130833.html,Laufenn,S Fit EQ+ LK01,205,55,16,91,H,58.99
https://www.tirendo.fr/hankook-winter-i-pike-rs2-w429-205-55-r16-94t-r-441484.html,Hankook,Winter I*Pike RS2 W429,205,55,16,94,T,121.84
https://www.tirendo.fr/dunlop-winter-sport-5-205-55-r16-94h-r-281002.html,Dunlop,Winter Sport 5,205,55,16,94,H,93.62
https://www.tirendo.fr/bf-goodrich-advantage-205-55-r16-94w-d-123309.html,BF Goodrich,Advantage,205,55,16,94,W,123.41
https://www.tirendo.fr/continental-allseasoncontact-205-55-r16-91h-r-406467.html,Continental,AllSeasonContact,205,55,16,91,H,125.20
https://www.tirendo.fr/michelin-primacy-4--205-55-r16-94h-d-126276.html,Michelin,Primacy 4+,205,55,16,94,H,112.48
https://www.tirendo.fr/goodyear-ultragrip-8-205-55-r16-91h-r-296186.html,Goodyear,UltraGrip 8,205,55,16,91,H,125.99
https://www.tirendo.fr/continental-ultracontact-nxt---contire.tex-205-55-r16-94w-d-131662.html,Continental,UltraContact NXT - ContiRe.Tex,205,55,16,94,W,114.43
https://www.tirendo.fr/petlas-velox-sport-pt741-rft-205-55-r16-91v-r-325381.html,Petlas,Velox Sport PT741 RFT,205,55,16,91,V,87.64
https://www.tirendo.fr/bridgestone-turanza-er-300-205-55-r16-91v-d-112837.html,Bridgestone,Turanza ER 300,205,55,16,91,V,127.19
https://www.tirendo.fr/michelin-crossclimate-2-205-55-r16-91v-r-440146.html,Michelin,CrossClimate 2,205,55,16,91,V,97.13
https://www.tirendo.fr/roadstone-eurovis-alpine-wh1-205-55-r16-91t-r-361993.html,Roadstone,Eurovis Alpine WH1,205,55,16,91,T,127.37
https://www.tirendo.fr/continental-wintercontact-ts-870-205-55-r16-94h-r-420997.html,Continental,WinterContact TS 870,205,55,16,94,H,127.70
https://www.tirendo.fr/yokohama-ice-guard-ig65-205-55-r16-94t-r-361934.html,Yokohama,Ice Guard IG65,205,55,16,94,T,127.74
https://www.tirendo.fr/michelin-crossclimate---205-55-r16-94v-r-347168.html,Michelin,CrossClimate +,205,55,16,94,V,128.40
https://www.tirendo.fr/tourador-x-wonder-th1-205-55-r16-91w-r-427459.html,Tourador,X Wonder TH1,205,55,16,91,W,128.83
https://www.tirendo.fr/michelin-alpin-7-205-55-r16-94h-d-134856.html,Michelin,Alpin 7,205,55,16,94,H,129.07
https://www.tirendo.fr/sportiva-all-season-205-55-r16-94v-r-404995.html,Sportiva,All Season,205,55,16,94,V,129.58
https://www.tirendo.fr/yokohama-ice-guard-ig53-205-55-r16-94h-r-462229.html,Yokohama,Ice Guard IG53,205,55,16,94,H,106.87
https://www.tirendo.fr/laufenn-i-fit-ice-lw71-205-55-r16-91t-r-450717.html,Laufenn,I Fit Ice LW71,205,55,16,91,T,130.20
https://www.tirendo.fr/kormoran-snow-205-55-r16-91t-r-378036.html,Kormoran,Snow,205,55,16,91,T,130.32
https://www.tirendo.fr/michelin-alpin-5-205-55-r16-91h-r-365758.html,Michelin,Alpin 5,205,55,16,91,H,117.17
https://www.tirendo.fr/continental-wintercontact-ts-860-s-ssr-205-55-r16-91h-r-476991.html,Continental,WinterContact TS 860 S SSR,205,55,16,91,H,130.61
https://www.tirendo.fr/petlas-snowmaster-2-205-55-r16-91h-r-532856.html,Petlas,Snowmaster 2,205,55,16,91,H,130.67
https://www.tirendo.fr/michelin-primacy-4-205-55-r16-91h-r-397582.html,Michelin,Primacy 4,205,55,16,91,H,97.43
https://www.tirendo.fr/pirelli-ice-zero-asimmetrico-plus-205-55-r16-94t-d-134828.html,Pirelli,Ice Zero Asimmetrico Plus,205,55,16,94,T,121.83
https://www.tirendo.fr/pirelli-cinturato-p7-205-55-r16-91v-r-281202.html,Pirelli,Cinturato P7,205,55,16,91,V,131.46
https://www.tirendo.fr/hankook-winter-i-pike-rs2-w429-205-55-r16-91t-r-447517.html,Hankook,Winter I*Pike RS2 W429,205,55,16,91,T,102.48
https://www.tirendo.fr/michelin-primacy-3-zp-205-55-r16-91h-r-258919.html,Michelin,Primacy 3 ZP,205,55,16,91,H,131.54
https://www.tirendo.fr/michelin-e-primacy-205-55-r16-91w-r-440109.html,Michelin,E Primacy,205,55,16,91,W,131.84
https://www.tirendo.fr/bridgestone-blizzak-lm-001-rft-205-55-r16-91h-r-395348.html,Bridgestone,Blizzak LM 001 RFT,205,55,16,91,H,131.98
https://www.tirendo.fr/bridgestone-blizzak-ice-205-55-r16-94s-r-503094.html,Bridgestone,Blizzak Ice,205,55,16,94,S,114.36
https://www.tirendo.fr/vredestein-snowtrac-5-205-55-r16-91h-r-261651.html,Vredestein,Snowtrac 5,205,55,16,91,H,132.50
https://www.tirendo.fr/goldline-winter-glw1-205-55-r16-91h-r-335379.html,Goldline,Winter-GLW1,205,55,16,91,H,132.62
https://www.tirendo.fr/pirelli-cinturato-p7-205-55-r16-91w-r-254932.html,Pirelli,Cinturato P7,205,55,16,91,W,134.30
https://www.tirendo.fr/nankang-sportnex-ns-2r-205-55-r16-94w-r-405595.html,Nankang,Sportnex NS-2R,205,55,16,94,W,134.30
https://www.tirendo.fr/cooper-discoverer-winter-205-55-r16-91h-r-431746.html,Cooper,Discoverer Winter,205,55,16,91,H,78.14
https://www.tirendo.fr/product/Nankang/16/R-547406,Nankang,Sportnex AS-2+,205,55,16,94,W,134.73
https://www.tirendo.fr/kleber-dynaxer-hp-4-205-55-r16-94v-r-388765.html,Kleber,Dynaxer HP 4,205,55,16,94,V,135.12
https://www.tirendo.fr/goodyear-ultragrip-performance-3-205-55-r16-94v-d-131499.html,Goodyear,UltraGrip Performance 3,205,55,16,94,V,135.40
https://www.tirendo.fr/bridgestone-turanza-er-300-205-55-r16-91v-d-112913.html,Bridgestone,Turanza ER 300,205,55,16,91,V,135.58
https://www.tirendo.fr/continental-contipremiumcontact-ssr-205-55-r16-91v-r-271404.html,Continental,ContiPremiumContact SSR,205,55,16,91,V,136.51
https://www.tirendo.fr/mastersteel-all-weather-2-205-55-r16-91v-r-530856.html,Mastersteel,All Weather 2,205,55,16,91,V,137.61
https://www.tirendo.fr/gt-radial-winterpro2-205-55-r16-91t-r-495727.html,GT Radial,WinterPro2,205,55,16,91,T,138.23
https://www.tirendo.fr/product/Michelin/16/D-154289,Michelin,X-Ice Snow+,205,55,16,94,H,138.64
https://www.tirendo.fr/goodyear-ultra-grip-arctic-2-205-55-r16-94t-r-448666.html,Goodyear,Ultra Grip Arctic 2,205,55,16,94,T,138.79
https://www.tirendo.fr/landsail-qirin-990-205-55-r16-94w-r-446036.html,Landsail,Qirin 990,205,55,16,94,W,139.15
https://www.tirendo.fr/gt-radial-4-seasons-205-55-r16-94v-r-511629.html,GT Radial,4 Seasons,205,55,16,94,V,139.25
https://www.tirendo.fr/pirelli-ice-friction-205-55-r16-94h-d-141344.html,Pirelli,Ice Friction,205,55,16,94,H,130.85
https://www.tirendo.fr/hankook-winter-i-cept-rs-2--w452--205-55-r16-91h-r-292139.html,Hankook,Winter i*cept RS 2 (W452),205,55,16,91,H,139.80
https://www.tirendo.fr/nokian-hakkapeliitta-r5-205-55-r16-94r-r-461787.html,Nokian,Hakkapeliitta R5,205,55,16,94,R,140.69
https://www.tirendo.fr/bridgestone-blizzak-6-205-55-r16-94v-r-503708.html,Bridgestone,Blizzak 6,205,55,16,94,V,141.44
https://www.tirendo.fr/product/Goodyear/16/D-146762,Goodyear,Ultra Grip Arctic 2,205,55,16,94,T,141.79
https://www.tirendo.fr/dunlop-winter-sport-5-205-55-r16-94v-r-281003.html,Dunlop,Winter Sport 5,205,55,16,94,V,114.48
https://www.tirendo.fr/continental-wintercontact-ts-860-s-ssr-205-55-r16-91h-r-384872.html,Continental,WinterContact TS 860 S SSR,205,55,16,91,H,142.34
https://www.tirendo.fr/pirelli-cinturato-winter-2-205-55-r16-91h-r-484970.html,Pirelli,Cinturato Winter 2,205,55,16,91,H,100.08
https://www.tirendo.fr/continental-ultracontact-205-55-r16-94w-r-460895.html,Continental,UltraContact,205,55,16,94,W,143.18
https://www.tirendo.fr/pirelli-ice-zero-2-205-55-r16-94t-r-481503.html,Pirelli,Ice Zero 2,205,55,16,94,T,144.39
https://www.tirendo.fr/continental-ecocontact-6---contire.tex-205-55-r16-91v-d-127204.html,Continental,EcoContact 6 - ContiRe.Tex,205,55,16,91,V,145.11
https://www.tirendo.fr/goodyear-ultragrip-ice-3-205-55-r16-94t-r-489310.html,Goodyear,UltraGrip Ice 3,205,55,16,94,T,149.59
https://www.tirendo.fr/falken-eurowinter-hs01-205-55-r16-91h-r-313792.html,Falken,EUROWINTER HS01,205,55,16,91,H,100.23
https://www.tirendo.fr/goodyear-ultragrip-performance-2-rof-205-55-r16-91h-r-200832.html,Goodyear,UltraGrip Performance 2 ROF,205,55,16,91,H,150.23
https://www.tirendo.fr/nordman-south-205-55-r16-94v-r-502520.html,Nordman,South,205,55,16,94,V,150.33
https://www.tirendo.fr/continental-wintercontact-ts-870-205-55-r16-94v-r-420999.html,Continental,WinterContact TS 870,205,55,16,94,V,150.73
https://www.tirendo.fr/vredestein-sprint--205-55-r16-91y-r-501438.html,Vredestein,Sprint+,205,55,16,91,Y,151.05
https://www.tirendo.fr/michelin-primacy-4--205-55-r16-94v-d-126284.html,Michelin,Primacy 4+,205,55,16,94,V,152.15
https://www.tirendo.fr/superia-ecoblue-4s-205-55-r16-94h-r-374392.html,Superia,EcoBlue 4S,205,55,16,94,H,66.34
https://www.tirendo.fr/falken-winterpeak-f-snow-1-205-55-r16-94t-r-450943.html,Falken,WINTERPEAK F-SNOW 1,205,55,16,94,T,153.87
https://www.tirendo.fr/mazzini-snowleopard-2-205-55-r16-94t-r-439028.html,Mazzini,Snowleopard 2,205,55,16,94,T,83.20
https://www.tirendo.fr/pirelli-p-zero-rosso-205-55-r16-91-y--r-404513.html,Pirelli,P Zero Rosso,205,55,16,91,Y,156.50
https://www.tirendo.fr/falken-winterpeak-f-ice-1-205-55-r16-94t-r-428429.html,Falken,WINTERPEAK F-ICE 1,205,55,16,94,T,97.13
https://www.tirendo.fr/lassa-iceways-2-205-55-r16-91t-r-407189.html,Lassa,Iceways 2,205,55,16,91,T,157.99
https://www.tirendo.fr/kumho-wintercraft-wp52-205-55-r16-94v-d-126941.html,Kumho,WinterCraft WP52,205,55,16,94,V,158.33
https://www.tirendo.fr/bridgestone-blizzak-spike-3-205-55-r16-94t-r-524645.html,Bridgestone,Blizzak Spike 3,205,55,16,94,T,159.60
https://www.tirendo.fr/bridgestone-blizzak-ice-205-55-r16-91s-r-383680.html,Bridgestone,Blizzak Ice,205,55,16,91,S,159.96
https://www.tirendo.fr/arivo-ice-claw-arw4-205-55-r16-94t-r-531491.html,Arivo,Ice Claw ARW4,205,55,16,94,T,160.44
https://www.tirendo.fr/pirelli-ice-zero-asimmetrico-205-55-r16-94t-d-131192.html,Pirelli,Ice Zero Asimmetrico,205,55,16,94,T,154.24
https://www.tirendo.fr/bridgestone-blizzak-vrx-205-55-r16-91s-r-300720.html,Bridgestone,Blizzak VRX,205,55,16,91,S,164.77
https://www.tirendo.fr/nokian-hakkapeliitta-01-205-55-r16-94t-d-156637.html,Nokian,Hakkapeliitta 01,205,55,16,94,T,164.78
https://www.tirendo.fr/mazzini-ice-leopard-205-55-r16-94t-r-442834.html,Mazzini,Ice Leopard,205,55,16,94,T,166.33
https://www.tirendo.fr/continental-vikingcontact-8-205-55-r16-94t-d-132928.html,Continental,VikingContact 8,205,55,16,94,T,167.32
https://www.tirendo.fr/dunlop-sp-winter-sport-3d-205-55-r16-91h-r-217404.html,Dunlop,SP Winter Sport 3D,205,55,16,91,H,170.05
https://www.tirendo.fr/nokian-hakka-green-3-205-55-r16-94h-d-124468.html,Nokian,Hakka Green 3,205,55,16,94,H,89.28
https://www.tirendo.fr/nokian-hakka-blue-3-205-55-r16-94v-d-126363.html,Nokian,Hakka Blue 3,205,55,16,94,V,111.03
https://www.tirendo.fr/continental-ecocontact-6-ssr-205-55-r16-91w-r-391875.html,Continental,EcoContact 6 SSR,205,55,16,91,W,171.48
https://www.tirendo.fr/michelin-x-ice-north-4-205-55-r16-94t-r-371942.html,Michelin,X-Ice North 4,205,55,16,94,T,129.13
https://www.tirendo.fr/hankook-winter-i-pike-rs2-w429-205-55-r16-94t-d-128450.html,Hankook,Winter I*Pike RS2 W429,205,55,16,94,T,175.90
https://www.tirendo.fr/davanti-dx390-205-55-r16-94w-r-325655.html,Davanti,DX390,205,55,16,94,W,176.17
https://www.tirendo.fr/toyo-proxes-r888r-205-55-r16-94w-r-388285.html,Toyo,Proxes R888R,205,55,16,94,W,158.92
https://www.tirendo.fr/bridgestone-blizzak-lm-005-driveguard-rft-205-55-r16-94v-r-402945.html,Bridgestone,Blizzak LM 005 DriveGuard RFT,205,55,16,94,V,179.70
https://www.tirendo.fr/superia-bluewin-uhp-205-55-r16-94h-r-517209.html,Superia,Bluewin UHP,205,55,16,94,H,182.00
https://www.tirendo.fr/michelin-crossclimate-2-205-55-r16-94v-r-442730.html,Michelin,CrossClimate 2,205,55,16,94,V,186.56
https://www.tirendo.fr/gt-radial-champiro-fe2-205-55-r16-94v-r-487759.html,GT Radial,Champiro FE2,205,55,16,94,V,62.26
https://www.tirendo.fr/goodride-sw618-205-55-r16-91h-r-269403.html,Goodride,SW618,205,55,16,91,H,50.33
https://www.tirendo.fr/barum-polaris-north-6-205-55-r16-94t-r-522306.html,Barum,Polaris North 6,205,55,16,94,T,193.46
https://www.tirendo.fr/continental-icecontact-3-205-55-r16-94t-r-403886.html,Continental,IceContact 3,205,55,16,94,T,127.73
https://www.tirendo.fr/product/Continental/16/D-156755,Continental,IceContact 8,205,55,16,94,T,195.98
https://www.tirendo.fr/nordman-north-rs3-205-55-r16-94r-r-508581.html,Nordman,North RS3,205,55,16,94,R,196.08
https://www.tirendo.fr/barum-polaris-ice-6-205-55-r16-94t-d-156837.html,Barum,Polaris Ice 6,205,55,16,94,T,202.09
https://www.tirendo.fr/continental-wintercontact-ts-860-205-55-r16-94v-r-430941.html,Continental,WinterContact TS 860,205,55,16,94,V,204.91
https://www.tirendo.fr/yokohama-a008p-205-55-r16-91w-r-419839.html,Yokohama,A008P,205,55,16,91,W,194.77
https://www.tirendo.fr/nordman-north-9-205-55-r16-94t-r-490879.html,Nordman,North 9,205,55,16,94,T,213.84
https://www.tirendo.fr/gislaved-nord-frost-200-205-55-r16-94t-r-325092.html,Gislaved,Nord*Frost 200,205,55,16,94,T,227.41
https://www.tirendo.fr/yokohama-advan-a052-205-55-r16-94w-r-503842.html,Yokohama,Advan A052,205,55,16,94,W,135.17
https://www.tirendo.fr/yokohama-advan-a052-205-55-r16-94w-r-340012.html,Yokohama,Advan A052,205,55,16,94,W,153.67
https://www.tirendo.fr/firestone-roadhawk-205-55-r16-94v-r-341196.html,Firestone,Roadhawk,205,55,16,94,V,295.02
https://www.tirendo.fr/lanvigator-catchgre-gp100-205-55-r16-91v-r-294103.html,Lanvigator,Catchgre GP100,205,55,16,91,V,298.97
https://www.tirendo.fr/michelin-collection-sx-mxx3-205-55-r16-91y-r-461181.html,Michelin Collection,SX MXX3,205,55,16,91,Y,339.23
https://www.tirendo.fr/sentury-winterdragon-205-55-r16-91t-r-532615.html,Sentury,Winterdragon,205,55,16,91,T,340.13
https://www.tirendo.fr/kumho-ecsta-hs51-205-55-r16-94v-r-272713.html,Kumho,Ecsta HS51,205,55,16,94,V,403.17
https://www.tirendo.fr/triangle-icelynx-ti501-205-55-r16-94t-r-452920.html,Triangle,Icelynx TI501,205,55,16,94,T,416.95
https://gumi.hu/autogumi/nyari-gumi/sunny/205/55r16/np226-20555R16VNP26B,Sunny,Sunny NP226,205,55,16,91,V,12890
https://gumi.hu/autogumi/nyari-gumi/roadx/205/55r16/h12-rxmotion-20555R16VH12V,RoadX,RoadX H12 RXMotion,205,55,16,91,V,13590
https://gumi.hu/autogumi/nyari-gumi/optimo-by-hankook/205/55r16/ok41,Optimo by Hankook,Optimo by Hankook OK41,205,55,16,91,V,14690
https://gumi.hu/autogumi/nyari-gumi/arivo/205/55r16/premio-arzero,Arivo,Arivo Premio ARZero,205,55,16,91,V,14790
https://gumi.hu/autogumi/nyari-gumi/triangle/205/55r16/th202-effexsport,Triangle,Triangle TH202 EffeXSport,205,55,16,91,V,14890
https://gumi.hu/autogumi/nyari-gumi/ceat/205/55r16/ecodrive,Ceat,Ceat EcoDrive,205,55,16,91,H,15390
https://gumi.hu/autogumi/nyari-gumi/triangle/205/55r16/te307-reliaxtouring,Triangle,Triangle TE307 ReliaXTouring,205,55,16,91,V,15590
https://gumi.hu/autogumi/nyari-gumi/nankang/205/55r16/na-1-xl,Nankang,Nankang NA-1 XL,205,55,16,94,V,15690
https://gumi.hu/autogumi/nyari-gumi/rotalla/205/55r16/rh01-20555R16VRH01,Rotalla,Rotalla RH01,205,55,16,91,V,15990
https://gumi.hu/autogumi/nyari-gumi/roadx/205/55r16/h12-rxmotion-xl,RoadX,RoadX H12 RXMotion XL,205,55,16,94,V,16090
https://gumi.hu/autogumi/nyari-gumi/roadx/205/55r16/h12-rxmotion-20555R16VH12,RoadX,RoadX H12 RXMotion,205,55,16,91,V,16490
https://gumi.hu/autogumi/nyari-gumi/sunny/205/55r16/np226-20555R16VNP2260,Sunny,Sunny NP226,205,55,16,91,V,16690
https://gumi.hu/autogumi/nyari-gumi/kumho/205/55r16/es31-ecowing-20555R16HES31,Kumho,Kumho ES31 Ecowing,205,55,16,91,H,17490
https://gumi.hu/autogumi/nyari-gumi/optimo-by-hankook/205/55r16/ok41-xl,Optimo by Hankook,Optimo by Hankook OK41 XL,205,55,16,94,W,17790
https://gumi.hu/autogumi/teli-gumi/sunny/205/55r16/nw211,Sunny,Sunny NW211,205,55,16,91,H,18390
https://gumi.hu/autogumi/teli-gumi/ceat/205/55r16/winterdrive,Ceat,Ceat WinterDrive,205,55,16,91,H,18390
https://gumi.hu/autogumi/nyari-gumi/nexen/205/55r16/n-blue-s-20555R16HNBS,Nexen,Nexen N-blue S,205,55,16,91,H,18590
https://gumi.hu/autogumi/nyari-gumi/laufenn/205/55r16/lk12-s-fit2-20555R16HLK12,Laufenn,Laufenn LK12 S Fit2,205,55,16,91,H,18590
https://gumi.hu/autogumi/nyari-gumi/barum/205/55r16/bravuris-6-20555R16VBRS6,Barum,Barum Bravuris 6,205,55,16,91,V,19290
https://gumi.hu/autogumi/teli-gumi/triangle/205/55r16/tw401-winterx-xl,Triangle,Triangle TW401 WinterX XL,205,55,16,94,V,19290
https://gumi.hu/autogumi/negyevszakos/triangle/205/55r16/ta01-seasonx-xl,Triangle,Triangle TA01  SeasonX XL,205,55,16,94,V,19290
https://gumi.hu/autogumi/nyari-gumi/laufenn/205/55r16/lk01,Laufenn,Laufenn LK01,205,55,16,91,H,19290
https://gumi.hu/autogumi/negyevszakos/sunny/205/55r16/nc501-20555R16VNC51B,Sunny,Sunny NC501,205,55,16,91,V,19490
https://gumi.hu/autogumi/nyari-gumi/nexen/205/55r16/n-blue-s-20555R16VNBLS,Nexen,Nexen N-blue S,205,55,16,91,V,19690
https://gumi.hu/autogumi/nyari-gumi/triangle/205/55r16/te307-reliaxtouring-xl,Triangle,Triangle TE307 ReliaXTouring  XL,205,55,16,94,W,19990
https://gumi.hu/autogumi/nyari-gumi/laufenn/205/55r16/lk12-s-fit2-20555R16VLK12,Laufenn,Laufenn LK12 S Fit2,205,55,16,91,V,20290
https://gumi.hu/autogumi/nyari-gumi/laufenn/205/55r16/lk01-s-fit-eqx-20555R16VLK1,Laufenn,Laufenn LK01 S Fit EQ+,205,55,16,91,V,20490
https://gumi.hu/autogumi/nyari-gumi/ceat/205/55r16/securadrive-xl,Ceat,Ceat SecuraDrive XL,205,55,16,94,W,20590
https://gumi.hu/autogumi/nyari-gumi/nankang/205/55r16/as-3-sportnex,Nankang,Nankang AS-3 Sportnex,205,55,16,91,V,20690
https://gumi.hu/autogumi/negyevszakos/laufenn/205/55r16/lh71-g-fit-4s-20555R16HLH71C,Laufenn,Laufenn LH71 G Fit 4S,205,55,16,91,H,20890
https://gumi.hu/autogumi/nyari-gumi/kumho/205/55r16/hs52-ecsta-20555R16VHS52,Kumho,Kumho HS52 Ecsta,205,55,16,91,V,21490
https://gumi.hu/autogumi/nyari-gumi/toyo/205/55r16/proxes-comfort-20555R16VPXCMF,Toyo,Toyo Proxes Comfort,205,55,16,91,V,21890
https://gumi.hu/autogumi/nyari-gumi/kleber/205/55r16/dynaxer-hp5-20555R16HHP5,Kleber,Kleber Dynaxer HP5,205,55,16,91,H,21890
https://gumi.hu/autogumi/nyari-gumi/toyo/205/55r16/proxes-comfort-20555R16HPXCMF,Toyo,Toyo Proxes Comfort,205,55,16,91,H,21890
https://gumi.hu/autogumi/nyari-gumi/kleber/205/55r16/dynaxer-hp5-20555R16VDHP5,Kleber,Kleber Dynaxer HP5,205,55,16,91,V,22090
https://gumi.hu/autogumi/nyari-gumi/hankook/205/55r16/k135-ventus-prime4-20555R16VK135,Hankook,Hankook K135 Ventus Prime4,205,55,16,91,V,22090
https://gumi.hu/autogumi/nyari-gumi/kumho/205/55r16/hs52-ecsta-20555R16VHS52K,Kumho,Kumho HS52 Ecsta,205,55,16,91,V,22290
https://gumi.hu/autogumi/nyari-gumi/kumho/205/55r16/es31-ecowing-20555R16VES51,Kumho,Kumho ES31 Ecowing,205,55,16,91,V,22590
https://gumi.hu/autogumi/nyari-gumi/kumho/205/55r16/hs52-ecsta-xl-20555R16WHS52X,Kumho,Kumho HS52 Ecsta XL,205,55,16,94,W,22690
https://gumi.hu/autogumi/nyari-gumi/toyo/205/55r16/proxes-comfort-xl-20555R16VPXCMTX,Toyo,Toyo Proxes Comfort XL,205,55,16,94,V,22990
https://gumi.hu/autogumi/nyari-gumi/toyo/205/55r16/proxes-comfort-20555R16HPXCMX,Toyo,Toyo Proxes Comfort,205,55,16,91,H,22990
https://gumi.hu/autogumi/nyari-gumi/falken/205/55r16/ze320,Falken,Falken ZE320,205,55,16,91,V,23190
https://gumi.hu/autogumi/nyari-gumi/vredestein/205/55r16/ultracx-20555R16HUCPL,Vredestein,Vredestein Ultrac+,205,55,16,91,H,24190
https://gumi.hu/autogumi/negyevszakos/laufenn/205/55r16/lh71-g-fit-4s-20555R16HLH71,Laufenn,Laufenn LH71 G Fit 4S,205,55,16,91,H,24290
https://gumi.hu/autogumi/nyari-gumi/vredestein/205/55r16/ultracx-20555R16VUCPL,Vredestein,Vredestein Ultrac+,205,55,16,91,V,24290
https://gumi.hu/autogumi/nyari-gumi/falken/205/55r16/sn832b,Falken,Falken SN832B,205,55,16,91,V,24490
https://gumi.hu/autogumi/teli-gumi/infinity/205/55r16/ecosnow-xl,Infinity,Infinity Ecosnow XL,205,55,16,94,T,24790
https://gumi.hu/autogumi/teli-gumi/laufenn/205/55r16/lw31-i-fitx-20555R16TLW31P,Laufenn,Laufenn LW31 I Fit+,205,55,16,91,T,24990
https://gumi.hu/autogumi/nyari-gumi/dunlop/205/55r16/bluresponse-20555R16VBRES,Dunlop,Dunlop BluResponse,205,55,16,91,V,25090
https://gumi.hu/autogumi/nyari-gumi/hankook/205/55r16/k135-ventus-prime4-20555R16HK135C,Hankook,Hankook K135 Ventus Prime4,205,55,16,91,H,25090
https://gumi.hu/autogumi/nyari-gumi/pirelli/205/55r16/p7-cinturato,Pirelli,Pirelli P7 Cinturato,205,55,16,91,V,25290
https://gumi.hu/autogumi/negyevszakos/toyo/205/55r16/celsius-as2-20555R16HCSAS2,Toyo,Toyo Celsius AS2,205,55,16,91,H,25290
https://gumi.hu/autogumi/teli-gumi/barum/205/55r16/polaris-6-20555R16TPOL6,Barum,Barum Polaris 6,205,55,16,91,T,25490
https://gumi.hu/autogumi/nyari-gumi/firestone/205/55r16/roadhawk-2-20555R16VRH2,Firestone,Firestone RoadHawk 2,205,55,16,91,V,25590
https://gumi.hu/autogumi/nyari-gumi/barum/205/55r16/bravuris-6-xl-20555R16VBRS6X,Barum,Barum Bravuris 6 XL,205,55,16,94,V,25690
https://gumi.hu/autogumi/nyari-gumi/toyo/205/55r16/tr1-proxes,Toyo,Toyo TR1 Proxes,205,55,16,91,W,25790
https://gumi.hu/autogumi/nyari-gumi/dunlop/205/55r16/bluresponse-20555R16HBRES,Dunlop,Dunlop BluResponse,205,55,16,91,H,25790
https://gumi.hu/autogumi/nyari-gumi/dunlop/205/55r16/sport-bluresponse-vw,Dunlop,Dunlop Sport BluResponse VW,205,55,16,91,V,25790
https://gumi.hu/autogumi/negyevszakos/hankook/205/55r16/h750-xl-20555R16HH75X,Hankook,Hankook H750 XL,205,55,16,94,H,25890
https://gumi.hu/autogumi/negyevszakos/hankook/205/55r16/h750-xl-20555R16HH750X,Hankook,Hankook H750 XL,205,55,16,94,H,25890
https://gumi.hu/autogumi/teli-gumi/laufenn/205/55r16/lw31-i-fitx-xl,Laufenn,Laufenn LW31 I Fit+ XL,205,55,16,94,H,26290
https://gumi.hu/autogumi/nyari-gumi/falken/205/55r16/ze310-20555R16VZE310,Falken,Falken ZE310,205,55,16,91,V,26290
https://gumi.hu/autogumi/negyevszakos/vredestein/205/55r16/quatrac-20555R16HQTR,Vredestein,Vredestein Quatrac,205,55,16,91,H,26490
https://gumi.hu/autogumi/negyevszakos/nexen/205/55r16/n-blue4s-wh17,Nexen,Nexen N-Blue4S WH17,205,55,16,91,H,26590
https://gumi.hu/autogumi/negyevszakos/toyo/205/55r16/celsius-as2-xl-20555R16VCS2X,Toyo,Toyo Celsius AS2 XL,205,55,16,94,V,26590
https://gumi.hu/autogumi/teli-gumi/barum/205/55r16/polaris-6-20555R16HPOL6,Barum,Barum Polaris 6,205,55,16,91,H,26690
https://gumi.hu/autogumi/nyari-gumi/hankook/205/55r16/k135-ventus-prime4-20555R16VK135C,Hankook,Hankook K135 Ventus Prime4,205,55,16,91,V,26690
https://gumi.hu/autogumi/nyari-gumi/falken/205/55r16/ze320-xl,Falken,Falken ZE320 XL,205,55,16,94,V,26890
https://gumi.hu/autogumi/teli-gumi/toyo/205/55r16/observe-ews1-20555R16HEWS11,Toyo,Toyo Observe EWS1,205,55,16,91,H,26890
https://gumi.hu/autogumi/nyari-gumi/semperit/205/55r16/speed-life-3-20555R16VSL3,Semperit,Semperit Speed-Life 3,205,55,16,91,V,26990
https://gumi.hu/autogumi/teli-gumi/sumitomo/205/55r16/wt200,Sumitomo,Sumitomo WT200,205,55,16,91,H,27090
https://gumi.hu/autogumi/teli-gumi/toyo/205/55r16/s944-observe-20555R16HOS944,Toyo,Toyo S944 Observe,205,55,16,91,H,27190
https://gumi.hu/autogumi/negyevszakos/vredestein/205/55r16/quatrac-20555R16VQTR,Vredestein,Vredestein Quatrac,205,55,16,91,V,27190
https://gumi.hu/autogumi/nyari-gumi/vredestein/205/55r16/ultracx-xl,Vredestein,Vredestein Ultrac+ XL,205,55,16,94,W,27190
https://gumi.hu/autogumi/negyevszakos/barum/205/55r16/quartaris-5,Barum,Barum Quartaris 5,205,55,16,91,H,27290
https://gumi.hu/autogumi/negyevszakos/firestone/205/55r16/multiseason2,Firestone,Firestone MultiSeason2,205,55,16,91,H,27290
https://gumi.hu/autogumi/teli-gumi/nexen/205/55r16/winguard-snowg3-wh21-20555R16TWSG3,Nexen,Nexen Winguard SnowG3 WH21,205,55,16,91,T,27390
https://gumi.hu/autogumi/teli-gumi/kumho/205/55r16/wp52x-wintercraft-20555R16HWP52KK,Kumho,Kumho WP52+ Wintercraft,205,55,16,91,H,27390
https://gumi.hu/autogumi/teli-gumi/barum/205/55r16/polaris-6-xl-20555R16HPOL6X,Barum,Barum Polaris 6 XL,205,55,16,94,H,28290
https://gumi.hu/autogumi/teli-gumi/nexen/205/55r16/winguard-sport-2,Nexen,Nexen Winguard Sport 2,205,55,16,91,H,28290
https://gumi.hu/autogumi/teli-gumi/nexen/205/55r16/winguard-snowg-wh2-20555R16HWGSWH2,Nexen,Nexen Winguard SnowG WH2,205,55,16,91,H,28490
https://gumi.hu/autogumi/teli-gumi/kumho/205/55r16/wp52x-wintercraft-20555R16TWP52C,Kumho,Kumho WP52+ Wintercraft,205,55,16,91,T,28590
https://gumi.hu/autogumi/teli-gumi/firestone/205/55r16/winterhawk-4-20555R16HWH4,Firestone,Firestone WinterHawk 4,205,55,16,91,H,28590
https://gumi.hu/autogumi/nyari-gumi/bridgestone/205/55r16/turanza-6-20555R16VTUR6,Bridgestone,Bridgestone Turanza 6,205,55,16,91,V,28790
https://gumi.hu/autogumi/negyevszakos/firestone/205/55r16/multiseason2-xl,Firestone,Firestone MultiSeason2 XL,205,55,16,94,V,29090
https://gumi.hu/autogumi/negyevszakos/hankook/205/55r16/h750-xl-20555R16VH750X,Hankook,Hankook H750 XL,205,55,16,94,V,29790
https://gumi.hu/autogumi/negyevszakos/dunlop/205/55r16/allseason-2,Dunlop,Dunlop Allseason 2,205,55,16,91,V,30390
https://gumi.hu/autogumi/negyevszakos/vredestein/205/55r16/quatrac-xl,Vredestein,Vredestein Quatrac XL,205,55,16,94,V,30690
https://gumi.hu/autogumi/teli-gumi/falken/205/55r16/hs02-eurowinter-20555R16HHS02,Falken,Falken HS02 Eurowinter,205,55,16,91,H,31290
https://gumi.hu/autogumi/nyari-gumi/bridgestone/205/55r16/turanza-6-20555R16HTUR6,Bridgestone,Bridgestone Turanza 6,205,55,16,91,H,31690
https://gumi.hu/autogumi/teli-gumi/hankook/205/55r16/w462-winter-icept-rs3-20555R16TW462,Hankook,Hankook W462 Winter Icept RS3,205,55,16,91,T,31990
https://gumi.hu/autogumi/teli-gumi/vredestein/205/55r16/wintrac-20555R16HWTR,Vredestein,Vredestein Wintrac,205,55,16,91,H,32090
https://gumi.hu/autogumi/nyari-gumi/continental/205/55r16/ecocontact-5-mo-20555R16VECOCMO,Continental,Continental EcoContact 5 MO,205,55,16,91,V,32290
https://gumi.hu/autogumi/teli-gumi/hankook/205/55r16/w462-winter-icept-rs3-20555R16HW462,Hankook,Hankook W462 Winter Icept RS3,205,55,16,91,H,32590
https://gumi.hu/autogumi/teli-gumi/toyo/205/55r16/s944-observe-xl,Toyo,Toyo S944 Observe XL,205,55,16,94,V,33390
https://gumi.hu/autogumi/teli-gumi/pirelli/205/55r16/cinturato-winter-20555R16HCINWW,Pirelli,Pirelli Cinturato Winter,205,55,16,91,H,33590
https://gumi.hu/autogumi/negyevszakos/continental/205/55r16/allseasoncontact-2-20555R16VASC2,Continental,Continental AllSeasonContact 2,205,55,16,91,V,33590
https://gumi.hu/autogumi/teli-gumi/kleber/205/55r16/krisalp-hp3-xl-20555R16HHP3X,Kleber,Kleber Krisalp HP3 XL,205,55,16,94,H,33590
https://gumi.hu/autogumi/nyari-gumi/goodyear/205/55r16/efficientgrip-performance-2-20555R16VEGPF2,Goodyear,Goodyear Efficientgrip Performance 2,205,55,16,91,V,34090
https://gumi.hu/autogumi/nyari-gumi/michelin/205/55r16/primacy-5-energy,Michelin,Michelin Primacy 5 Energy,205,55,16,91,V,34190
https://gumi.hu/autogumi/nyari-gumi/michelin/205/55r16/primacy-5-20555R16HPRIM5,Michelin,Michelin Primacy 5,205,55,16,91,H,34690
https://gumi.hu/autogumi/teli-gumi/dunlop/205/55r16/winter,Dunlop,Dunlop Winter,205,55,16,91,H,34890
https://gumi.hu/autogumi/teli-gumi/hankook/205/55r16/w462-winter-icept-rs3-xl-20555R16HW462X,Hankook,Hankook W462 Winter Icept RS3 XL,205,55,16,94,H,34990
https://gumi.hu/autogumi/teli-gumi/dunlop/205/55r16/sp-winter-sport-5-20555R16TWS5,Dunlop,Dunlop SP Winter Sport 5,205,55,16,91,T,35090
https://gumi.hu/autogumi/nyari-gumi/bridgestone/205/55r16/turanza-6-xl,Bridgestone,Bridgestone Turanza 6 XL,205,55,16,94,V,35190
https://gumi.hu/autogumi/negyevszakos/pirelli/205/55r16/powergy-allseason-xl,Pirelli,Pirelli Powergy Allseason XL,205,55,16,94,V,35490
https://gumi.hu/autogumi/negyevszakos/bridgestone/205/55r16/turanza-as-6-xl,Bridgestone,Bridgestone Turanza AS 6 XL,205,55,16,94,V,35490
https://gumi.hu/autogumi/negyevszakos/michelin/205/55r16/crossclimate-3-20555R16VCC3,Michelin,Michelin Crossclimate 3,205,55,16,91,V,35590
https://gumi.hu/autogumi/negyevszakos/pirelli/205/55r16/cinturato-allseason-sf3-xl,Pirelli,Pirelli Cinturato Allseason SF3 XL,205,55,16,94,V,35690
https://gumi.hu/autogumi/teli-gumi/vredestein/205/55r16/wintrac-xl-20555R16HWTRX,Vredestein,Vredestein Wintrac XL,205,55,16,94,H,35690
https://gumi.hu/autogumi/negyevszakos/michelin/205/55r16/crossclimate-3-xl,Michelin,Michelin Crossclimate 3 XL,205,55,16,94,V,35790
https://gumi.hu/autogumi/negyevszakos/michelin/205/55r16/crossclimate-3-20555R16HCC3,Michelin,Michelin Crossclimate 3,205,55,16,91,H,36390
https://gumi.hu/autogumi/teli-gumi/pirelli/205/55r16/powergy-winter,Pirelli,Pirelli Powergy Winter,205,55,16,91,H,36790
https://gumi.hu/autogumi/teli-gumi/pirelli/205/55r16/cinturato-winter-3-xl,Pirelli,Pirelli Cinturato Winter 3 XL,205,55,16,94,H,37590
https://gumi.hu/autogumi/teli-gumi/bridgestone/205/55r16/blizzak-6-20555R16HBLZ6,Bridgestone,Bridgestone Blizzak 6,205,55,16,91,H,38390
https://gumi.hu/autogumi/teli-gumi/continental/205/55r16/ts-870-20555R16HTS87,Continental,Continental TS 870,205,55,16,91,H,39590
https://gumi.hu/autogumi/teli-gumi/michelin/205/55r16/alpin-7-20555R16HALP7,Michelin,Michelin Alpin 7,205,55,16,91,H,40590
https://gumi.hu/autogumi/teli-gumi/bridgestone/205/55r16/blizzak-6-xl-20555R16HBLZ6X,Bridgestone,Bridgestone Blizzak 6 XL,205,55,16,94,H,42290
https://gumi.hu/autogumi/teli-gumi/michelin/205/55r16/alpin-7-xl,Michelin,Michelin Alpin 7 XL,205,55,16,94,H,49690
https://gumi.hu/autogumi/nyari-gumi/toyo/205/55r16/r888r-proxes-xl,Toyo,Toyo R888R Proxes XL,205,55,16,94,W,52390
